rdfid,topic_name,Title,Direction,Weight
jvariables1,Variables,AddExpression,1,1
jvariables1,Variables,SimpleAssignmentExpression,1,2
jvariables1,Variables,IntDataType,1,1
jvariables1,Variables,SubtractExpression,1,1
jvariables1,Variables,ExpressionStatement,1,1
jvariables1,Variables,VariableInitializationStatement,1,1
jvariables1,Variables,SimpleVariable,1,1
jvariables2,Variables,MultiplyExpression,1,1
jvariables2,Variables,AddExpression,1,1
jvariables2,Variables,SimpleAssignmentExpression,1,2
jvariables2,Variables,IntDataType,1,2
jvariables2,Variables,VariableInitializationStatement,1,2
jvariables2,Variables,SimpleVariable,1,2
jprint_var,Variables,SimpleVariable,1,1
jprint_var,Variables,SimpleAssignmentExpression,1,1
jprint_var,Variables,IntDataType,1,1
jprint_var,Variables,VariableInitializationStatement,1,1
jprint_var,Variables,java.lang.System.out.print,1,1
jprint_var_express,Variables,SimpleVariable,1,2
jprint_var_express,Variables,SimpleAssignmentExpression,1,2
jprint_var_express,Variables,IntDataType,1,2
jprint_var_express,Variables,SubtractExpression,1,1
jprint_var_express,Variables,VariableInitializationStatement,1,2
jprint_var_express,Variables,java.lang.System.out.print,1,1
jprint_var_express,Variables,DivideExpression,1,1
jprint_var_express2,Variables,StringVariable,1,1
jprint_var_express2,Variables,StringLiteral,1,1
jprint_var_express2,Variables,SimpleAssignmentExpression,1,1
jprint_var_express2,Variables,StringDataType,1,1
jprint_var_express2,Variables,StringInitializationStatement,1,1
jprint_var_express2,Variables,java.lang.System.out.print,1,1
jinteger1,Primitive_Data_Types,DivideExpression,0,1
jinteger1,Primitive_Data_Types,MultiplyExpression,0,1
jinteger1,Primitive_Data_Types,VariableInitializationStatement,0,1
jinteger1,Primitive_Data_Types,SimpleAssignmentExpression,0,1
jinteger1,Primitive_Data_Types,IntDataType,0,1
jinteger1,Primitive_Data_Types,SimpleVariable,0,1
jinteger1,Primitive_Data_Types,SubtractExpression,0,2
jdouble1,Primitive_Data_Types,SimpleVariable,0,2
jdouble1,Primitive_Data_Types,VariableInitializationStatement,0,2
jdouble1,Primitive_Data_Types,SimpleAssignmentExpression,0,1
jdouble1,Primitive_Data_Types,DoubleDataType,0,1
jdouble1,Primitive_Data_Types,AddExpression,0,1
jdouble1,Primitive_Data_Types,IntDataType,0,1
jdouble1,Primitive_Data_Types,ExplicitTypeCasting,1,1
jint_long,Primitive_Data_Types,SimpleVariable,0,2
jint_long,Primitive_Data_Types,VariableInitializationStatement,0,2
jint_long,Primitive_Data_Types,SimpleAssignmentExpression,0,2
jint_long,Primitive_Data_Types,DoubleDataType,0,1
jint_long,Primitive_Data_Types,IntDataType,0,1
jint_long,Primitive_Data_Types,ExplicitTypeCasting,1,1
jint_long,Primitive_Data_Types,java.lang.Math.round,1,1
jpri_float,Primitive_Data_Types,SimpleVariable,0,1
jpri_float,Primitive_Data_Types,VariableInitializationStatement,0,1
jpri_float,Primitive_Data_Types,SimpleAssignmentExpression,0,1
jpri_float,Primitive_Data_Types,AddExpression,0,1
jpri_float,Primitive_Data_Types,FloatDataType,1,1
jpri_float,Primitive_Data_Types,ExplicitTypeCasting,1,1
jstring_int,Primitive_Data_Types,AddExpression,0,1
jstring_int,Primitive_Data_Types,StringInitializationStatement,0,1
jstring_int,Primitive_Data_Types,IntDataType,0,1
jstring_int,Primitive_Data_Types,SimpleVariable,0,1
jstring_int,Primitive_Data_Types,StringVariable,0,1
jstring_int,Primitive_Data_Types,StringLiteral,0,1
jstring_int,Primitive_Data_Types,VariableInitializationStatement,0,1
jstring_int,Primitive_Data_Types,SimpleAssignmentExpression,0,2
jstring_int,Primitive_Data_Types,StringDataType,0,1
jstring_int,Primitive_Data_Types,java.lang.Integer.parseInt,1,1
jstring_double,Primitive_Data_Types,DoubleDataType,0,1
jstring_double,Primitive_Data_Types,StringInitializationStatement,0,1
jstring_double,Primitive_Data_Types,SimpleVariable,0,1
jstring_double,Primitive_Data_Types,StringVariable,0,1
jstring_double,Primitive_Data_Types,StringLiteral,0,1
jstring_double,Primitive_Data_Types,VariableInitializationStatement,0,1
jstring_double,Primitive_Data_Types,SimpleAssignmentExpression,0,2
jstring_double,Primitive_Data_Types,StringDataType,0,1
jstring_double,Primitive_Data_Types,java.lang.Double.parseDouble,1,1
jConstants1,Constants,VariableInitializationStatement,0,1
jConstants1,Constants,SimpleAssignmentExpression,0,3
jConstants1,Constants,DoubleDataType,0,2
jConstants1,Constants,DivideExpression,0,1
jConstants1,Constants,IntDataType,0,1
jConstants1,Constants,SimpleVariable,0,1
jConstants1,Constants,ConstantInitializationStatement,1,2
jConstants1,Constants,Constant,1,2
jConstants2,Constants,VariableInitializationStatement,0,2
jConstants2,Constants,SimpleAssignmentExpression,0,3
jConstants2,Constants,DoubleDataType,0,2
jConstants2,Constants,IntDataType,0,1
jConstants2,Constants,MultiplyExpression,0,1
jConstants2,Constants,SimpleVariable,0,2
jConstants2,Constants,ConstantInitializationStatement,1,1
jConstants2,Constants,Constant,1,1
jConstants3,Constants,AddExpression,0,1
jConstants3,Constants,SimpleAssignmentExpression,0,1
jConstants3,Constants,IntDataType,0,1
jConstants3,Constants,SimpleVariable,0,1
jConstants3,Constants,VariableInitializationStatement,0,1
jConstants3,Constants,ExplicitTypeCasting,0,1
jConstants3,Constants,java.lang.Math,1,1
jConstants3,Constants,ConstantInvocation,1,1
jConstants4,Constants,MultiplyExpression,0,2
jConstants4,Constants,PrivateAccessSpecifier,0,1
jConstants4,Constants,ExplicitTypeCasting,0,1
jConstants4,Constants,AddExpression,0,2
jConstants4,Constants,ConstructorDefinition,0,0.5
jConstants4,Constants,DoubleDataType,0,3.5
jConstants4,Constants,DivideExpression,0,1
jConstants4,Constants,ClassDefinition,0,0.5
jConstants4,Constants,ReturnStatement,0,0.5
jConstants4,Constants,SimpleAssignmentExpression,0,7.5
jConstants4,Constants,IntDataType,0,2
jConstants4,Constants,SubtractExpression,0,0.5
jConstants4,Constants,ExpressionStatement,0,3.5
jConstants4,Constants,MethodDefinition,0,1.5
jConstants4,Constants,SimpleVariable,0,3
jConstants4,Constants,PublicAccessSpecifier,0,4.5
jConstants4,Constants,FormalMethodParameter,0,1
jConstants4,Constants,VoidDataType,0,1
jConstants4,Constants,InstanceField,0,1
jConstants4,Constants,VariableInitializationStatement,0,3
jConstants4,Constants,StaticModifier,1,2
jConstants4,Constants,ClassConstantInitializationStatement,1,2
jConstants4,Constants,FinalModifier,1,2
jConstants4,Constants,ClassField,1,2
jConstants4,Constants,ConstantInvocation,1,1
jConstants5,Constants,InstanceField,0,1
jConstants5,Constants,VariableInitializationStatement,0,2
jConstants5,Constants,ActualMethodParameter,0,2
jConstants5,Constants,ObjectCreationStatement,0,1
jConstants5,Constants,MultiplyExpression,0,2
jConstants5,Constants,PrivateAccessSpecifier,0,1
jConstants5,Constants,AddExpression,0,2
jConstants5,Constants,ConstructorDefinition,0,0.5
jConstants5,Constants,DoubleDataType,0,4.5
jConstants5,Constants,ObjectVariable,0,1
jConstants5,Constants,ClassDefinition,0,0.5
jConstants5,Constants,ReturnStatement,0,0.5
jConstants5,Constants,SimpleAssignmentExpression,0,6.5
jConstants5,Constants,SubtractExpression,0,0.5
jConstants5,Constants,ExpressionStatement,0,3.5
jConstants5,Constants,MethodDefinition,0,1.5
jConstants5,Constants,ConstructorCall,0,1
jConstants5,Constants,SimpleVariable,0,2
jConstants5,Constants,PublicAccessSpecifier,0,4.5
jConstants5,Constants,FormalMethodParameter,0,1
jConstants5,Constants,ObjectMethodInvocation,0,3
jConstants5,Constants,VoidDataType,0,1
jConstants5,Constants,StaticModifier,1,2
jConstants5,Constants,ClassConstantInitializationStatement,1,2
jConstants5,Constants,FinalModifier,1,2
jConstants5,Constants,ClassField,1,2
jvariable1,Arithmetic_Operations,ExpressionStatement,0,1
jvariable1,Arithmetic_Operations,VariableInitializationStatement,0,1
jvariable1,Arithmetic_Operations,SimpleAssignmentExpression,0,1
jvariable1,Arithmetic_Operations,IntDataType,0,1
jvariable1,Arithmetic_Operations,SimpleVariable,0,1
jvariable1,Arithmetic_Operations,AddAssignmentExpression,1,1
jmath1,Arithmetic_Operations,AddExpression,0,1
jmath1,Arithmetic_Operations,DoubleDataType,0,1
jmath1,Arithmetic_Operations,VariableInitializationStatement,0,1
jmath1,Arithmetic_Operations,SimpleAssignmentExpression,0,1
jmath1,Arithmetic_Operations,SimpleVariable,0,1
jmath1,Arithmetic_Operations,java.lang.Math.sqrt,1,1
jmath2,Arithmetic_Operations,ExpressionStatement,0,1
jmath2,Arithmetic_Operations,VariableInitializationStatement,0,1
jmath2,Arithmetic_Operations,IntDataType,0,1
jmath2,Arithmetic_Operations,SimpleAssignmentExpression,0,1
jmath2,Arithmetic_Operations,ExplicitTypeCasting,0,1
jmath2,Arithmetic_Operations,SimpleVariable,0,1
jmath2,Arithmetic_Operations,java.lang.Math.pow,1,1
joperator1,Arithmetic_Operations,VariableInitializationStatement,0,1
joperator1,Arithmetic_Operations,IntDataType,0,1
joperator1,Arithmetic_Operations,SimpleAssignmentExpression,0,1
joperator1,Arithmetic_Operations,SimpleVariable,0,1
joperator1,Arithmetic_Operations,ModulusExpression,1,1
jincrement,Arithmetic_Operations,SimpleVariable,0,2
jincrement,Arithmetic_Operations,VariableInitializationStatement,0,2
jincrement,Arithmetic_Operations,IntDataType,0,2
jincrement,Arithmetic_Operations,SimpleAssignmentExpression,0,2
jincrement,Arithmetic_Operations,PreIncrementExpression,1,1
jstring1,Strings,StringDataType,0,2
jstring1,Strings,StringInitializationStatement,0,2
jstring1,Strings,java.lang.System.out.print,0,1
jstring1,Strings,StringVariable,0,2
jstring1,Strings,ObjectMethodInvocation,0,1
jstring1,Strings,StringLiteral,0,1
jstring1,Strings,SimpleAssignmentExpression,0,2
jstring1,Strings,ActualMethodParameter,0,1
jstring1,Strings,java.lang.String.substring,1,1
jstring2,Strings,java.lang.String.length,0,1
jstring2,Strings,SimpleVariable,0,1
jstring2,Strings,StringDataType,0,6
jstring2,Strings,StringInitializationStatement,0,5
jstring2,Strings,java.lang.System.out.print,0,1
jstring2,Strings,StringVariable,0,6
jstring2,Strings,ObjectMethodInvocation,0,1
jstring2,Strings,VariableInitializationStatement,0,2
jstring2,Strings,IntDataType,0,1
jstring2,Strings,StringLiteral,0,5
jstring2,Strings,SimpleAssignmentExpression,0,7
jstring3,Strings,StringDataType,0,2
jstring3,Strings,StringInitializationStatement,0,2
jstring3,Strings,java.lang.System.out.print,0,1
jstring3,Strings,StringVariable,0,2
jstring3,Strings,StringLiteral,0,2
jstring3,Strings,SimpleAssignmentExpression,0,2
jstring3,Strings,StringAddition,1,1
jstring4,Strings,SimpleAssignmentExpression,0,2
jstring4,Strings,SimpleVariable,0,1
jstring4,Strings,StringDataType,0,1
jstring4,Strings,StringInitializationStatement,0,1
jstring4,Strings,java.lang.System.out.print,0,1
jstring4,Strings,ObjectMethodInvocation,0,1
jstring4,Strings,VariableInitializationStatement,0,1
jstring4,Strings,StringVariable,0,1
jstring4,Strings,ActualMethodParameter,0,1
jstring4,Strings,StringLiteral,0,1
jstring4,Strings,CharDataType,1,1
jstring4,Strings,java.lang.String.charAt,1,1
jstring5,Strings,ConstructorCall,0,1
jstring5,Strings,ObjectVariable,0,1
jstring5,Strings,SimpleAssignmentExpression,0,2
jstring5,Strings,SimpleVariable,0,1
jstring5,Strings,StringDataType,0,1
jstring5,Strings,ObjectCreationStatement,0,1
jstring5,Strings,StringInitializationStatement,0,1
jstring5,Strings,java.lang.System.out.print,0,1
jstring5,Strings,IntDataType,0,1
jstring5,Strings,VariableInitializationStatement,0,1
jstring5,Strings,StringVariable,0,1
jstring5,Strings,StringAddition,1,1
jstring6,Strings,StringLiteral,0,1
jstring6,Strings,StringDataType,0,1
jstring6,Strings,java.lang.System.out.print,0,1
jstring6,Strings,java.lang.String.substring,1,1
jstring6,Strings,StringLiteralMethodInvocation,1,1
jboolean_var,Boolean_Expressions,VariableInitializationStatement,0,1
jboolean_var,Boolean_Expressions,SimpleAssignmentExpression,0,2
jboolean_var,Boolean_Expressions,ExpressionStatement,0,1
jboolean_var,Boolean_Expressions,GreaterExpression,0,1
jboolean_var,Boolean_Expressions,java.lang.System.out.print,0,1
jboolean_var,Boolean_Expressions,SimpleVariable,0,1
jboolean_var,Boolean_Expressions,IfStatement,0,1
jboolean_var,Boolean_Expressions,True,1,1
jboolean_var,Boolean_Expressions,False,1,1
jboolean_var,Boolean_Expressions,BooleanDataType,1,1
jboolean_method,Boolean_Expressions,IfStatement,0,2
jboolean_method,Boolean_Expressions,StringVariable,0,2
jboolean_method,Boolean_Expressions,PostIncrementExpression,0,1
jboolean_method,Boolean_Expressions,IntDataType,0,1
jboolean_method,Boolean_Expressions,StringLiteral,0,2
jboolean_method,Boolean_Expressions,PostDecrementExpression,0,1
jboolean_method,Boolean_Expressions,ActualMethodParameter,0,1
jboolean_method,Boolean_Expressions,ConstructorCall,0,2
jboolean_method,Boolean_Expressions,VariableInitializationStatement,0,1
jboolean_method,Boolean_Expressions,StringDataType,0,2
jboolean_method,Boolean_Expressions,StringInitializationStatement,0,2
jboolean_method,Boolean_Expressions,SimpleAssignmentExpression,0,3
jboolean_method,Boolean_Expressions,ExpressionStatement,0,2
jboolean_method,Boolean_Expressions,ObjectCreationStatement,0,2
jboolean_method,Boolean_Expressions,SimpleVariable,0,1
jboolean_method,Boolean_Expressions,EqualExpression,1,1
jboolean_method,Boolean_Expressions,java.lang.String.equals,1,1
jboolean_method,Boolean_Expressions,ObjectEquality,1,1
jboolean_operators1,Boolean_Expressions,SimpleVariable,0,1
jboolean_operators1,Boolean_Expressions,IfStatement,0,1
jboolean_operators1,Boolean_Expressions,PostIncrementExpression,0,1
jboolean_operators1,Boolean_Expressions,IntDataType,0,1
jboolean_operators1,Boolean_Expressions,LessExpression,0,1
jboolean_operators1,Boolean_Expressions,StatementBlock,0,1
jboolean_operators1,Boolean_Expressions,VariableInitializationStatement,0,1
jboolean_operators1,Boolean_Expressions,GreaterExpression,0,1
jboolean_operators1,Boolean_Expressions,SimpleAssignmentExpression,0,1
jboolean_operators1,Boolean_Expressions,ExpressionStatement,0,1
jboolean_operators1,Boolean_Expressions,AndExpression,1,1
jboolean_operators2,Boolean_Expressions,IfElseStatement,0,1
jboolean_operators2,Boolean_Expressions,ObjectMethodInvocation,0,5
jboolean_operators2,Boolean_Expressions,SimpleVariable,0,3
jboolean_operators2,Boolean_Expressions,IfStatement,0,1
jboolean_operators2,Boolean_Expressions,InstanceField,0,0.5
jboolean_operators2,Boolean_Expressions,VoidDataType,0,1
jboolean_operators2,Boolean_Expressions,ActualMethodParameter,0,2
jboolean_operators2,Boolean_Expressions,PrivateAccessSpecifier,0,0.5
jboolean_operators2,Boolean_Expressions,SubtractExpression,0,0.5
jboolean_operators2,Boolean_Expressions,ConstructorCall,0,1
jboolean_operators2,Boolean_Expressions,ObjectVariable,0,1
jboolean_operators2,Boolean_Expressions,ConstructorDefinition,0,1
jboolean_operators2,Boolean_Expressions,AddExpression,0,0.5
jboolean_operators2,Boolean_Expressions,FormalMethodParameter,0,1.5
jboolean_operators2,Boolean_Expressions,VariableInitializationStatement,0,3
jboolean_operators2,Boolean_Expressions,ClassDefinition,0,0.5
jboolean_operators2,Boolean_Expressions,InstanceFieldDefinitionStatement,0,0.5
jboolean_operators2,Boolean_Expressions,DoubleDataType,0,2.5
jboolean_operators2,Boolean_Expressions,ReturnStatement,0,0.5
jboolean_operators2,Boolean_Expressions,MethodDefinition,0,1.5
jboolean_operators2,Boolean_Expressions,GreaterExpression,0,1
jboolean_operators2,Boolean_Expressions,PublicAccessSpecifier,0,3
jboolean_operators2,Boolean_Expressions,ObjectCreationStatement,0,1
jboolean_operators2,Boolean_Expressions,SimpleAssignmentExpression,0,6
jboolean_operators2,Boolean_Expressions,ExpressionStatement,0,3
jboolean_operators2,Boolean_Expressions,True,1,1
jboolean_operators2,Boolean_Expressions,False,1,1
jboolean_operators2,Boolean_Expressions,BooleanDataType,1,1
jboolean_operator3,Boolean_Expressions,SimpleAssignmentExpression,0,1
jboolean_operator3,Boolean_Expressions,SimpleVariable,0,1
jboolean_operator3,Boolean_Expressions,IntDataType,0,1
jboolean_operator3,Boolean_Expressions,VariableInitializationStatement,0,1
jboolean_operator3,Boolean_Expressions,java.lang.System.out.print,0,1
jboolean_operator3,Boolean_Expressions,GreaterExpression,0,1
jif_else1,Decisions,SimpleAssignmentExpression,0,1
jif_else1,Decisions,ExpressionStatement,0,1
jif_else1,Decisions,SimpleVariable,0,1
jif_else1,Decisions,IntDataType,0,1
jif_else1,Decisions,ModulusExpression,0,1
jif_else1,Decisions,VariableInitializationStatement,0,1
jif_else1,Decisions,AddAssignmentExpression,0,1
jif_else1,Decisions,GreaterExpression,1,1
jif_else1,Decisions,IfStatement,1,1
jif_else2,Decisions,InstanceField,0,1
jif_else2,Decisions,ConstructorCall,0,1
jif_else2,Decisions,PrivateAccessSpecifier,0,1
jif_else2,Decisions,VariableInitializationStatement,0,3
jif_else2,Decisions,SubtractExpression,0,1
jif_else2,Decisions,ObjectVariable,0,1
jif_else2,Decisions,ConstructorDefinition,0,2
jif_else2,Decisions,AddExpression,0,1
jif_else2,Decisions,FormalMethodParameter,0,3
jif_else2,Decisions,SimpleAssignmentExpression,0,7
jif_else2,Decisions,ExpressionStatement,0,4
jif_else2,Decisions,ClassDefinition,0,1
jif_else2,Decisions,InstanceFieldDefinitionStatement,0,1
jif_else2,Decisions,DoubleDataType,0,4
jif_else2,Decisions,ReturnStatement,0,1
jif_else2,Decisions,SimpleVariable,0,3
jif_else2,Decisions,MethodDefinition,0,3
jif_else2,Decisions,ObjectCreationStatement,0,1
jif_else2,Decisions,PublicAccessSpecifier,0,6
jif_else2,Decisions,ObjectMethodInvocation,0,4
jif_else2,Decisions,VoidDataType,0,2
jif_else2,Decisions,ActualMethodParameter,0,3
jif_else2,Decisions,GreaterExpression,1,1
jif_else2,Decisions,IfElseStatement,1,1
jif_else3,Decisions,InstanceField,0,0.5
jif_else3,Decisions,VoidDataType,0,1
jif_else3,Decisions,ActualMethodParameter,0,4
jif_else3,Decisions,ConstructorCall,0,1
jif_else3,Decisions,PrivateAccessSpecifier,0,0.5
jif_else3,Decisions,VariableInitializationStatement,0,2
jif_else3,Decisions,SubtractExpression,0,0.5
jif_else3,Decisions,ObjectVariable,0,1
jif_else3,Decisions,ConstructorDefinition,0,1
jif_else3,Decisions,AddExpression,0,0.5
jif_else3,Decisions,FormalMethodParameter,0,1.5
jif_else3,Decisions,SimpleAssignmentExpression,0,4
jif_else3,Decisions,ExpressionStatement,0,2
jif_else3,Decisions,ClassDefinition,0,0.5
jif_else3,Decisions,InstanceFieldDefinitionStatement,0,0.5
jif_else3,Decisions,DoubleDataType,0,2.5
jif_else3,Decisions,ReturnStatement,0,0.5
jif_else3,Decisions,SimpleVariable,0,2
jif_else3,Decisions,MethodDefinition,0,1.5
jif_else3,Decisions,ObjectCreationStatement,0,1
jif_else3,Decisions,PublicAccessSpecifier,0,3
jif_else3,Decisions,ObjectMethodInvocation,0,6
jif_else3,Decisions,StatementBlock,1,2
jif_else3,Decisions,GreaterExpression,1,2
jif_else3,Decisions,IfElseIfStatement,1,1
jif_else4,Decisions,ObjectMethodInvocation,0,4
jif_else4,Decisions,InstanceField,0,0.5
jif_else4,Decisions,VoidDataType,0,1
jif_else4,Decisions,ActualMethodParameter,0,2
jif_else4,Decisions,ConstructorCall,0,1
jif_else4,Decisions,PrivateAccessSpecifier,0,0.5
jif_else4,Decisions,VariableInitializationStatement,0,2
jif_else4,Decisions,SubtractExpression,0,0.5
jif_else4,Decisions,ObjectVariable,0,1
jif_else4,Decisions,ConstructorDefinition,0,1
jif_else4,Decisions,AddExpression,0,0.5
jif_else4,Decisions,FormalMethodParameter,0,1.5
jif_else4,Decisions,SimpleAssignmentExpression,0,4
jif_else4,Decisions,ExpressionStatement,0,2
jif_else4,Decisions,ClassDefinition,0,0.5
jif_else4,Decisions,InstanceFieldDefinitionStatement,0,0.5
jif_else4,Decisions,DoubleDataType,0,2.5
jif_else4,Decisions,ReturnStatement,0,0.5
jif_else4,Decisions,SimpleVariable,0,2
jif_else4,Decisions,MethodDefinition,0,1.5
jif_else4,Decisions,ObjectCreationStatement,0,1
jif_else4,Decisions,PublicAccessSpecifier,0,3
jif_else4,Decisions,LessExpression,1,1
jif_else4,Decisions,NestedStatement,1,1
jif_else4,Decisions,GreaterExpression,1,1
jif_else4,Decisions,IfStatement,1,2
jif_else5,Decisions,ModulusExpression,0,2
jif_else5,Decisions,MultiplyExpression,0,1
jif_else5,Decisions,SimpleAssignmentExpression,0,4
jif_else5,Decisions,ExpressionStatement,0,4
jif_else5,Decisions,SimpleVariable,0,2
jif_else5,Decisions,IntDataType,0,2
jif_else5,Decisions,PostDecrementExpression,1,1
jif_else5,Decisions,StatementBlock,1,3
jif_else5,Decisions,IfElseIfStatement,1,1
jif_else5,Decisions,GreaterExpression,1,3
jif_else5,Decisions,IfElseStatement,1,1
jif_else5,Decisions,PostIncrementExpression,1,1
jswitch1,Switch,java.lang.System.out.print,0,6
jswitch1,Switch,SimpleAssignmentExpression,0,1
jswitch1,Switch,StringLiteral,0,6
jswitch1,Switch,SimpleVariable,0,1
jswitch1,Switch,IntDataType,0,1
jswitch1,Switch,StatementBlock,0,1
jswitch1,Switch,StringDataType,0,6
jswitch1,Switch,VariableInitializationStatement,0,1
jswitch1,Switch,DefaultClause,1,1
jswitch1,Switch,CaseClause,1,5
jswitch1,Switch,BreakStatement,1,5
jswitch1,Switch,SwitchStatement,1,1
jswitch2,Switch,ExpressionStatement,0,3
jswitch2,Switch,SimpleAssignmentExpression,0,5
jswitch2,Switch,SimpleVariable,0,2
jswitch2,Switch,IntDataType,0,2
jswitch2,Switch,StatementBlock,0,1
jswitch2,Switch,VariableInitializationStatement,0,2
jswitch2,Switch,SwitchStatement,1,1
jswitch2,Switch,CaseClause,1,4
jswitch2,Switch,BreakStatement,1,3
jswitch3,Switch,VariableInitializationStatement,0,2
jswitch3,Switch,ExpressionStatement,0,4
jswitch3,Switch,SimpleAssignmentExpression,0,6
jswitch3,Switch,SimpleVariable,0,2
jswitch3,Switch,IntDataType,0,2
jswitch3,Switch,AddExpression,0,1
jswitch3,Switch,MultiplyExpression,0,1
jswitch3,Switch,StatementBlock,0,1
jswitch3,Switch,DefaultClause,1,1
jswitch3,Switch,SwitchStatement,1,1
jswitch3,Switch,CaseClause,1,3
jswitch3,Switch,BreakStatement,1,3
jfor1,Loops_for,LessExpression,0,1
jfor1,Loops_for,VariableInitializationStatement,0,2
jfor1,Loops_for,ExpressionStatement,0,1
jfor1,Loops_for,SimpleAssignmentExpression,0,2
jfor1,Loops_for,AddAssignmentExpression,0,1
jfor1,Loops_for,SimpleVariable,0,2
jfor1,Loops_for,IntDataType,0,2
jfor1,Loops_for,PostIncrementExpression,0,1
jfor1,Loops_for,ForStatement,1,1
jfor2,Loops_for,PostIncrementExpression,0,1
jfor2,Loops_for,LessExpression,0,1
jfor2,Loops_for,VariableInitializationStatement,0,2
jfor2,Loops_for,ExpressionStatement,0,1
jfor2,Loops_for,SimpleAssignmentExpression,0,3
jfor2,Loops_for,StatementBlock,0,1
jfor2,Loops_for,SimpleVariable,0,2
jfor2,Loops_for,IntDataType,0,2
jfor2,Loops_for,AddExpression,0,1
jfor2,Loops_for,ForStatement,1,1
jfor3,Loops_for,PostIncrementExpression,0,1
jfor3,Loops_for,LessExpression,0,1
jfor3,Loops_for,VariableInitializationStatement,0,2
jfor3,Loops_for,SimpleAssignmentExpression,0,2
jfor3,Loops_for,SimpleVariable,0,2
jfor3,Loops_for,IntDataType,0,2
jfor3,Loops_for,MultiplyExpression,0,1
jfor3,Loops_for,java.lang.System.out.println,1,1
jfor3,Loops_for,ForStatement,1,1
jfor4,Loops_for,ReturnStatement,0,0.5
jfor4,Loops_for,MethodDefinition,0,1.5
jfor4,Loops_for,PublicAccessSpecifier,0,3
jfor4,Loops_for,ObjectCreationStatement,0,1
jfor4,Loops_for,PostIncrementExpression,0,1
jfor4,Loops_for,ExpressionStatement,0,2
jfor4,Loops_for,LessExpression,0,1
jfor4,Loops_for,VariableInitializationStatement,0,2
jfor4,Loops_for,ObjectMethodInvocation,0,2
jfor4,Loops_for,InstanceField,0,0.5
jfor4,Loops_for,VoidDataType,0,1
jfor4,Loops_for,ActualMethodParameter,0,2
jfor4,Loops_for,PrivateAccessSpecifier,0,0.5
jfor4,Loops_for,ConstructorCall,0,1
jfor4,Loops_for,ObjectVariable,0,1
jfor4,Loops_for,StatementBlock,0,1
jfor4,Loops_for,SimpleAssignmentExpression,0,4
jfor4,Loops_for,SubtractExpression,0,0.5
jfor4,Loops_for,ConstructorDefinition,0,1
jfor4,Loops_for,FormalMethodParameter,0,1.5
jfor4,Loops_for,InstanceFieldDefinitionStatement,0,0.5
jfor4,Loops_for,SimpleVariable,0,2
jfor4,Loops_for,ClassDefinition,0,0.5
jfor4,Loops_for,IntDataType,0,1
jfor4,Loops_for,DoubleDataType,0,1.5
jfor4,Loops_for,AddExpression,0,0.5
jfor4,Loops_for,java.lang.System.out.println,1,1
jfor4,Loops_for,ForStatement,1,1
jfor5,Loops_for,ClassDefinition,0,0.5
jfor5,Loops_for,IntDataType,0,2
jfor5,Loops_for,DoubleDataType,0,5
jfor5,Loops_for,AddExpression,0,1.5
jfor5,Loops_for,ReturnStatement,0,1
jfor5,Loops_for,MethodDefinition,0,2
jfor5,Loops_for,PublicAccessSpecifier,0,3
jfor5,Loops_for,ObjectCreationStatement,0,1
jfor5,Loops_for,DivideExpression,0,1
jfor5,Loops_for,ConstantInitializationStatement,0,3
jfor5,Loops_for,PostIncrementExpression,0,1
jfor5,Loops_for,Constant,0,3
jfor5,Loops_for,ExpressionStatement,0,3
jfor5,Loops_for,LessExpression,0,0.5
jfor5,Loops_for,VariableInitializationStatement,0,5.5
jfor5,Loops_for,ObjectMethodInvocation,0,2
jfor5,Loops_for,InstanceField,0,1.5
jfor5,Loops_for,VoidDataType,0,1
jfor5,Loops_for,ActualMethodParameter,0,2
jfor5,Loops_for,PrivateAccessSpecifier,0,1.5
jfor5,Loops_for,LessEqualExpression,0,0.5
jfor5,Loops_for,ConstructorCall,0,1
jfor5,Loops_for,ObjectVariable,0,1
jfor5,Loops_for,StatementBlock,0,1
jfor5,Loops_for,SimpleAssignmentExpression,0,8.5
jfor5,Loops_for,ConstructorDefinition,0,0.5
jfor5,Loops_for,FormalMethodParameter,0,1
jfor5,Loops_for,WhileStatement,0,0.5
jfor5,Loops_for,MultiplyExpression,0,1
jfor5,Loops_for,SimpleVariable,0,4
jfor5,Loops_for,ForStatement,1,0.5
jwhile1,Loops_while,VariableInitializationStatement,0,1
jwhile1,Loops_while,PostIncrementExpression,0,1
jwhile1,Loops_while,ExpressionStatement,0,1
jwhile1,Loops_while,LessExpression,0,1
jwhile1,Loops_while,SimpleAssignmentExpression,0,1
jwhile1,Loops_while,SimpleVariable,0,1
jwhile1,Loops_while,IntDataType,0,1
jwhile1,Loops_while,WhileStatement,1,1
jwhile2,Loops_while,VariableInitializationStatement,0,1
jwhile2,Loops_while,PostDecrementExpression,0,1
jwhile2,Loops_while,ExpressionStatement,0,1
jwhile2,Loops_while,EqualExpression,0,1
jwhile2,Loops_while,SimpleAssignmentExpression,0,1
jwhile2,Loops_while,SimpleVariable,0,1
jwhile2,Loops_while,IntDataType,0,1
jwhile2,Loops_while,WhileStatement,1,1
jwhile3,Loops_while,AddAssignmentExpression,0,1
jwhile3,Loops_while,VariableInitializationStatement,0,3
jwhile3,Loops_while,PostIncrementExpression,0,1
jwhile3,Loops_while,ExpressionStatement,0,2
jwhile3,Loops_while,LessExpression,0,1
jwhile3,Loops_while,SimpleAssignmentExpression,0,3
jwhile3,Loops_while,SimpleVariable,0,3
jwhile3,Loops_while,IntDataType,0,3
jwhile3,Loops_while,StatementBlock,0,1
jwhile3,Loops_while,WhileStatement,1,1
jwhile4,Loops_while,ModulusExpression,0,1
jwhile4,Loops_while,IfStatement,0,1
jwhile4,Loops_while,NestedStatement,0,1
jwhile4,Loops_while,VariableInitializationStatement,0,2
jwhile4,Loops_while,PostIncrementExpression,0,2
jwhile4,Loops_while,ExpressionStatement,0,2
jwhile4,Loops_while,EqualExpression,0,1
jwhile4,Loops_while,LessExpression,0,1
jwhile4,Loops_while,SimpleAssignmentExpression,0,2
jwhile4,Loops_while,SimpleVariable,0,2
jwhile4,Loops_while,IntDataType,0,2
jwhile4,Loops_while,StatementBlock,0,1
jwhile4,Loops_while,WhileStatement,1,1
jwhile5,Loops_while,PublicAccessSpecifier,0,3
jwhile5,Loops_while,ObjectCreationStatement,0,1
jwhile5,Loops_while,SimpleVariable,0,4
jwhile5,Loops_while,IntDataType,0,2
jwhile5,Loops_while,StatementBlock,0,1
jwhile5,Loops_while,DivideExpression,0,1
jwhile5,Loops_while,ConstantInitializationStatement,0,2
jwhile5,Loops_while,ObjectMethodInvocation,0,2
jwhile5,Loops_while,InstanceField,0,1.5
jwhile5,Loops_while,VoidDataType,0,1
jwhile5,Loops_while,Constant,0,2
jwhile5,Loops_while,ActualMethodParameter,0,2
jwhile5,Loops_while,PrivateAccessSpecifier,0,1.5
jwhile5,Loops_while,VariableInitializationStatement,0,2.5
jwhile5,Loops_while,ConstructorCall,0,1
jwhile5,Loops_while,ObjectVariable,0,1
jwhile5,Loops_while,PostIncrementExpression,0,1
jwhile5,Loops_while,ConstructorDefinition,0,0.5
jwhile5,Loops_while,ExpressionStatement,0,3
jwhile5,Loops_while,FormalMethodParameter,0,2
jwhile5,Loops_while,LessExpression,0,0.5
jwhile5,Loops_while,AddExpression,0,1.5
jwhile5,Loops_while,ClassDefinition,0,0.5
jwhile5,Loops_while,MultiplyExpression,0,2
jwhile5,Loops_while,DoubleDataType,0,4
jwhile5,Loops_while,SimpleAssignmentExpression,0,7.5
jwhile5,Loops_while,ReturnStatement,0,1
jwhile5,Loops_while,MethodDefinition,0,2
jwhile5,Loops_while,LessEqualExpression,1,0.5
jwhile5,Loops_while,WhileStatement,1,0.5
jdowhile1,Loops_do_while,SimpleVariable,0,2
jdowhile1,Loops_do_while,IntDataType,0,2
jdowhile1,Loops_do_while,StatementBlock,0,1
jdowhile1,Loops_do_while,VariableInitializationStatement,0,2
jdowhile1,Loops_do_while,PostIncrementExpression,0,1
jdowhile1,Loops_do_while,ExpressionStatement,0,1
jdowhile1,Loops_do_while,LessExpression,0,1
jdowhile1,Loops_do_while,SimpleAssignmentExpression,0,2
jdowhile1,Loops_do_while,DoStatement,1,1
jdowhile2,Loops_do_while,SimpleVariable,0,2
jdowhile2,Loops_do_while,IntDataType,0,2
jdowhile2,Loops_do_while,PostDecrementExpression,0,1
jdowhile2,Loops_do_while,VariableInitializationStatement,0,2
jdowhile2,Loops_do_while,ExpressionStatement,0,1
jdowhile2,Loops_do_while,SimpleAssignmentExpression,0,2
jdowhile2,Loops_do_while,GreaterEqualExpression,1,1
jdowhile2,Loops_do_while,DoStatement,1,1
jdowhile3,Loops_do_while,SimpleAssignmentExpression,0,1
jdowhile3,Loops_do_while,GreaterExpression,0,1
jdowhile3,Loops_do_while,AddAssignmentExpression,0,1
jdowhile3,Loops_do_while,SimpleVariable,0,1
jdowhile3,Loops_do_while,StatementBlock,0,1
jdowhile3,Loops_do_while,IntDataType,0,1
jdowhile3,Loops_do_while,SubtractExpression,0,1
jdowhile3,Loops_do_while,VariableInitializationStatement,0,1
jdowhile3,Loops_do_while,DoStatement,1,1
jdowhile4,Loops_do_while,MethodDefinition,0,1.5
jdowhile4,Loops_do_while,PublicAccessSpecifier,0,3
jdowhile4,Loops_do_while,ObjectCreationStatement,0,1
jdowhile4,Loops_do_while,SimpleAssignmentExpression,0,7
jdowhile4,Loops_do_while,SimpleVariable,0,5
jdowhile4,Loops_do_while,StatementBlock,0,1
jdowhile4,Loops_do_while,ObjectMethodInvocation,0,2
jdowhile4,Loops_do_while,InstanceField,0,0.5
jdowhile4,Loops_do_while,VoidDataType,0,1
jdowhile4,Loops_do_while,IntDataType,0,2
jdowhile4,Loops_do_while,ActualMethodParameter,0,1
jdowhile4,Loops_do_while,PrivateAccessSpecifier,0,0.5
jdowhile4,Loops_do_while,SubtractExpression,0,0.5
jdowhile4,Loops_do_while,ConstructorCall,0,1
jdowhile4,Loops_do_while,ObjectVariable,0,1
jdowhile4,Loops_do_while,ConstructorDefinition,0,1
jdowhile4,Loops_do_while,PostIncrementExpression,0,1
jdowhile4,Loops_do_while,FormalMethodParameter,0,1.5
jdowhile4,Loops_do_while,InstanceFieldDefinitionStatement,0,0.5
jdowhile4,Loops_do_while,AddExpression,0,0.5
jdowhile4,Loops_do_while,ClassDefinition,0,0.5
jdowhile4,Loops_do_while,LessExpression,0,1
jdowhile4,Loops_do_while,VariableInitializationStatement,0,5
jdowhile4,Loops_do_while,DoubleDataType,0,3.5
jdowhile4,Loops_do_while,ExpressionStatement,0,3
jdowhile4,Loops_do_while,ReturnStatement,0,0.5
jdowhile4,Loops_do_while,DoStatement,1,1
jdowhile6,Loops_do_while,SimpleAssignmentExpression,0,2
jdowhile6,Loops_do_while,AddAssignmentExpression,0,1
jdowhile6,Loops_do_while,SimpleVariable,0,2
jdowhile6,Loops_do_while,StatementBlock,0,1
jdowhile6,Loops_do_while,IntDataType,0,2
jdowhile6,Loops_do_while,SubtractExpression,0,1
jdowhile6,Loops_do_while,PostIncrementExpression,0,1
jdowhile6,Loops_do_while,LessExpression,0,1
jdowhile6,Loops_do_while,VariableInitializationStatement,0,2
jdowhile6,Loops_do_while,ExpressionStatement,0,2
jdowhile6,Loops_do_while,DoStatement,1,1
jdowhile8,Loops_do_while,LessExpression,0,1
jdowhile8,Loops_do_while,VariableInitializationStatement,0,2
jdowhile8,Loops_do_while,ExpressionStatement,0,4
jdowhile8,Loops_do_while,ModulusExpression,0,2
jdowhile8,Loops_do_while,GreaterExpression,0,1
jdowhile8,Loops_do_while,SimpleAssignmentExpression,0,2
jdowhile8,Loops_do_while,AddAssignmentExpression,0,2
jdowhile8,Loops_do_while,IfStatement,0,2
jdowhile8,Loops_do_while,NestedStatement,0,2
jdowhile8,Loops_do_while,PostDecrementExpression,0,1
jdowhile8,Loops_do_while,SimpleVariable,0,2
jdowhile8,Loops_do_while,StatementBlock,0,2
jdowhile8,Loops_do_while,IntDataType,0,2
jdowhile8,Loops_do_while,EqualExpression,0,2
jdowhile8,Loops_do_while,WhileStatement,0,1
jdowhile8,Loops_do_while,PostIncrementExpression,0,1
jdowhile8,Loops_do_while,DoStatement,1,1
jnested_loops1,Nested_Loops,MultiplyExpression,0,1
jnested_loops1,Nested_Loops,SimpleVariable,0,3
jnested_loops1,Nested_Loops,IntDataType,0,3
jnested_loops1,Nested_Loops,ForStatement,0,2
jnested_loops1,Nested_Loops,PostIncrementExpression,0,2
jnested_loops1,Nested_Loops,NestedStatement,0,1
jnested_loops1,Nested_Loops,ExpressionStatement,0,1
jnested_loops1,Nested_Loops,VariableInitializationStatement,0,3
jnested_loops1,Nested_Loops,LessEqualExpression,0,2
jnested_loops1,Nested_Loops,StatementBlock,0,2
jnested_loops1,Nested_Loops,SimpleAssignmentExpression,0,4
jnested2,Nested_Loops,SimpleAssignmentExpression,0,3
jnested2,Nested_Loops,SimpleVariable,0,3
jnested2,Nested_Loops,java.lang.System.out.print,0,1
jnested2,Nested_Loops,IntDataType,0,3
jnested2,Nested_Loops,ForStatement,0,2
jnested2,Nested_Loops,PostIncrementExpression,0,2
jnested2,Nested_Loops,AddAssignmentExpression,0,1
jnested2,Nested_Loops,LessExpression,0,2
jnested2,Nested_Loops,ExpressionStatement,0,1
jnested2,Nested_Loops,VariableInitializationStatement,0,3
jnested2,Nested_Loops,StatementBlock,0,1
jnested3,Nested_Loops,FormalMethodParameter,0,1.5
jnested3,Nested_Loops,StatementBlock,0,2
jnested3,Nested_Loops,ClassDefinition,0,0.5
jnested3,Nested_Loops,SimpleAssignmentExpression,0,8
jnested3,Nested_Loops,MultiplyExpression,0,1
jnested3,Nested_Loops,DoubleDataType,0,3.5
jnested3,Nested_Loops,AddExpression,0,0.5
jnested3,Nested_Loops,ReturnStatement,0,0.5
jnested3,Nested_Loops,SimpleVariable,0,5
jnested3,Nested_Loops,MethodDefinition,0,1.5
jnested3,Nested_Loops,IntDataType,0,2
jnested3,Nested_Loops,PublicAccessSpecifier,0,3
jnested3,Nested_Loops,ObjectCreationStatement,0,1
jnested3,Nested_Loops,ForStatement,0,2
jnested3,Nested_Loops,ObjectMethodInvocation,0,2
jnested3,Nested_Loops,PostIncrementExpression,0,2
jnested3,Nested_Loops,AddAssignmentExpression,0,1
jnested3,Nested_Loops,InstanceField,0,0.5
jnested3,Nested_Loops,VoidDataType,0,1
jnested3,Nested_Loops,LessExpression,0,2
jnested3,Nested_Loops,ExpressionStatement,0,4
jnested3,Nested_Loops,ActualMethodParameter,0,1
jnested3,Nested_Loops,VariableInitializationStatement,0,5
jnested3,Nested_Loops,PrivateAccessSpecifier,0,0.5
jnested3,Nested_Loops,SubtractExpression,0,0.5
jnested3,Nested_Loops,ConstructorCall,0,1
jnested3,Nested_Loops,ObjectVariable,0,1
jnested3,Nested_Loops,InstanceFieldDefinitionStatement,0,0.5
jnested3,Nested_Loops,ConstructorDefinition,0,1
jobject_rec1,Objects,SimpleAssignmentExpression,0,1
jobject_rec1,Objects,java.lang.System.out.print,0,1
jobject_rec1,Objects,ImportStatement,1,1
jobject_rec1,Objects,ConstructorCall,1,1
jobject_rec1,Objects,ObjectVariable,1,1
jobject_rec1,Objects,JavaStandardLibraryClass,1,1
jobject_rec1,Objects,ObjectMethodInvocation,1,1
jobject_rec1,Objects,ObjectCreationStatement,1,1
jobject_rec1,Objects,ActualMethodParameter,1,1
jobject_rec2,Objects,java.lang.System.out.print,0,1
jobject_rec2,Objects,MultiplyExpression,0,1
jobject_rec2,Objects,SimpleVariable,0,3
jobject_rec2,Objects,SimpleAssignmentExpression,0,4
jobject_rec2,Objects,VariableInitializationStatement,0,3
jobject_rec2,Objects,ActualMethodParameter,1,1
jobject_rec2,Objects,ImportStatement,1,1
jobject_rec2,Objects,DoubleDataType,1,3
jobject_rec2,Objects,ConstructorCall,1,1
jobject_rec2,Objects,ObjectVariable,1,1
jobject_rec2,Objects,JavaStandardLibraryClass,1,1
jobject_rec2,Objects,ObjectMethodInvocation,1,2
jobject_rec2,Objects,ObjectCreationStatement,1,1
jobject_translate,Objects,java.lang.System.out.print,0,1
jobject_translate,Objects,SimpleAssignmentExpression,0,1
jobject_translate,Objects,ActualMethodParameter,1,2
jobject_translate,Objects,ImportStatement,1,1
jobject_translate,Objects,ConstructorCall,1,1
jobject_translate,Objects,ObjectVariable,1,1
jobject_translate,Objects,JavaStandardLibraryClass,1,1
jobject_translate,Objects,ObjectMethodInvocation,1,2
jobject_translate,Objects,ObjectCreationStatement,1,1
jobject_string1,Objects,StringVariable,0,1
jobject_string1,Objects,AddExpression,0,1
jobject_string1,Objects,StringLiteral,0,1
jobject_string1,Objects,SimpleVariable,0,1
jobject_string1,Objects,IntDataType,0,1
jobject_string1,Objects,StringDataType,0,1
jobject_string1,Objects,StringInitializationStatement,0,1
jobject_string1,Objects,SimpleAssignmentExpression,0,2
jobject_string1,Objects,VariableInitializationStatement,0,1
jobject_string1,Objects,ObjectMethodInvocation,1,1
jobject_string1,Objects,java.lang.String.length,1,1
jobject_string2,Objects,java.lang.System.out.print,0,1
jobject_string2,Objects,StringVariable,0,1
jobject_string2,Objects,StringLiteral,0,3
jobject_string2,Objects,StringDataType,0,3
jobject_string2,Objects,StringInitializationStatement,0,1
jobject_string2,Objects,SimpleAssignmentExpression,0,1
jobject_string2,Objects,ObjectMethodInvocation,1,1
jobject_string2,Objects,java.lang.String.replace,1,1
jclass1,Classes,VariableInitializationStatement,0,2
jclass1,Classes,SimpleAssignmentExpression,0,5
jclass1,Classes,ObjectMethodInvocation,0,1
jclass1,Classes,ActualMethodParameter,0,1
jclass1,Classes,AddExpression,0,0.5
jclass1,Classes,SimpleVariable,0,2
jclass1,Classes,DoubleDataType,0,2.5
jclass1,Classes,ConstructorCall,0,1
jclass1,Classes,ExpressionStatement,0,2
jclass1,Classes,ObjectVariable,0,1
jclass1,Classes,SubtractExpression,0,0.5
jclass1,Classes,ObjectCreationStatement,0,1
jclass1,Classes,ReturnStatement,1,0.5
jclass1,Classes,MethodDefinition,1,1.5
jclass1,Classes,PublicAccessSpecifier,1,3
jclass1,Classes,VoidDataType,1,1
jclass1,Classes,InstanceField,1,0.5
jclass1,Classes,PrivateAccessSpecifier,1,0.5
jclass1,Classes,ConstructorDefinition,1,1
jclass1,Classes,FormalMethodParameter,1,1.5
jclass1,Classes,ClassDefinition,1,0.5
jclass1,Classes,InstanceFieldDefinitionStatement,1,0.5
jbankaccount,Classes,ObjectCreationStatement,0,1
jbankaccount,Classes,VariableInitializationStatement,0,2
jbankaccount,Classes,SimpleAssignmentExpression,0,5
jbankaccount,Classes,ObjectMethodInvocation,0,3
jbankaccount,Classes,ActualMethodParameter,0,2
jbankaccount,Classes,AddExpression,0,0.5
jbankaccount,Classes,SimpleVariable,0,2
jbankaccount,Classes,DoubleDataType,0,2.5
jbankaccount,Classes,ConstructorCall,0,1
jbankaccount,Classes,ExpressionStatement,0,2
jbankaccount,Classes,ObjectVariable,0,1
jbankaccount,Classes,SubtractExpression,0,0.5
jbankaccount,Classes,ReturnStatement,1,0.5
jbankaccount,Classes,MethodDefinition,1,1.5
jbankaccount,Classes,PublicAccessSpecifier,1,3
jbankaccount,Classes,VoidDataType,1,1
jbankaccount,Classes,InstanceField,1,0.5
jbankaccount,Classes,PrivateAccessSpecifier,1,0.5
jbankaccount,Classes,ConstructorDefinition,1,1
jbankaccount,Classes,FormalMethodParameter,1,1.5
jbankaccount,Classes,ClassDefinition,1,0.5
jbankaccount,Classes,InstanceFieldDefinitionStatement,1,0.5
jba_ques,Classes,ObjectCreationStatement,0,2
jba_ques,Classes,VariableInitializationStatement,0,2
jba_ques,Classes,SimpleAssignmentExpression,0,6
jba_ques,Classes,MultiplyExpression,0,1
jba_ques,Classes,ObjectMethodInvocation,0,3
jba_ques,Classes,ActualMethodParameter,0,2
jba_ques,Classes,AddExpression,0,1.5
jba_ques,Classes,SimpleVariable,0,2
jba_ques,Classes,DoubleDataType,0,2.5
jba_ques,Classes,ConstructorCall,0,2
jba_ques,Classes,ExpressionStatement,0,2
jba_ques,Classes,ObjectVariable,0,2
jba_ques,Classes,SubtractExpression,0,0.5
jba_ques,Classes,ClassDefinition,1,0.5
jba_ques,Classes,InstanceFieldDefinitionStatement,1,0.5
jba_ques,Classes,ReturnStatement,1,0.5
jba_ques,Classes,MethodDefinition,1,1.5
jba_ques,Classes,PublicAccessSpecifier,1,3
jba_ques,Classes,VoidDataType,1,1
jba_ques,Classes,InstanceField,1,0.5
jba_ques,Classes,PrivateAccessSpecifier,1,0.5
jba_ques,Classes,ConstructorDefinition,1,1
jba_ques,Classes,FormalMethodParameter,1,1.5
jclasses_constructor,Classes,ObjectCreationStatement,0,1
jclasses_constructor,Classes,VariableInitializationStatement,0,2
jclasses_constructor,Classes,SimpleAssignmentExpression,0,6
jclasses_constructor,Classes,ObjectMethodInvocation,0,3
jclasses_constructor,Classes,ActualMethodParameter,0,2
jclasses_constructor,Classes,AddExpression,0,0.5
jclasses_constructor,Classes,SimpleVariable,0,3
jclasses_constructor,Classes,DoubleDataType,0,3
jclasses_constructor,Classes,ConstructorCall,0,1
jclasses_constructor,Classes,ExpressionStatement,0,3
jclasses_constructor,Classes,ObjectVariable,0,1
jclasses_constructor,Classes,SubtractExpression,0,0.5
jclasses_constructor,Classes,FormalMethodParameter,1,1
jclasses_constructor,Classes,ClassDefinition,1,0.5
jclasses_constructor,Classes,InstanceFieldDefinitionStatement,1,1
jclasses_constructor,Classes,ReturnStatement,1,0.5
jclasses_constructor,Classes,MethodDefinition,1,1.5
jclasses_constructor,Classes,PublicAccessSpecifier,1,2.5
jclasses_constructor,Classes,VoidDataType,1,1
jclasses_constructor,Classes,InstanceField,1,1
jclasses_constructor,Classes,PrivateAccessSpecifier,1,1
jclasses_constructor,Classes,ConstructorDefinition,1,0.5
jclasses_getter,Classes,ObjectCreationStatement,0,1
jclasses_getter,Classes,VariableInitializationStatement,0,1
jclasses_getter,Classes,SimpleAssignmentExpression,0,5.5
jclasses_getter,Classes,ObjectMethodInvocation,0,3
jclasses_getter,Classes,ActualMethodParameter,0,1
jclasses_getter,Classes,IntDataType,0,2
jclasses_getter,Classes,AddExpression,0,1
jclasses_getter,Classes,SimpleVariable,0,1
jclasses_getter,Classes,ConstructorCall,0,1
jclasses_getter,Classes,ExpressionStatement,0,2.5
jclasses_getter,Classes,ObjectVariable,0,1
jclasses_getter,Classes,ConstructorDefinition,1,1
jclasses_getter,Classes,FormalMethodParameter,1,0.5
jclasses_getter,Classes,InstanceFieldInitializationStatement,1,1
jclasses_getter,Classes,ClassDefinition,1,0.5
jclasses_getter,Classes,InstanceFieldDefinitionStatement,1,1
jclasses_getter,Classes,ReturnStatement,1,1
jclasses_getter,Classes,MethodDefinition,1,1.5
jclasses_getter,Classes,PublicAccessSpecifier,1,4
jclasses_getter,Classes,VoidDataType,1,0.5
jclasses_getter,Classes,InstanceField,1,1
jwrapper_class1,Wrapper_Classes,SimpleVariable,0,1
jwrapper_class1,Wrapper_Classes,ObjectVariable,0,2
jwrapper_class1,Wrapper_Classes,ConstructorCall,0,2
jwrapper_class1,Wrapper_Classes,MultiplyExpression,0,1
jwrapper_class1,Wrapper_Classes,DoubleDataType,0,1
jwrapper_class1,Wrapper_Classes,VariableInitializationStatement,0,1
jwrapper_class1,Wrapper_Classes,ObjectCreationStatement,0,2
jwrapper_class1,Wrapper_Classes,SimpleAssignmentExpression,0,1
jwrapper_class1,Wrapper_Classes,java.lang.Double,1,1
jwrapper_class1,Wrapper_Classes,java.lang.Integer,1,1
jwrapper_class1,Wrapper_Classes,AutoBoxing,1,2
jwrapper_class2,Wrapper_Classes,SimpleAssignmentExpression,0,4
jwrapper_class2,Wrapper_Classes,SimpleVariable,0,2
jwrapper_class2,Wrapper_Classes,IntDataType,0,1
jwrapper_class2,Wrapper_Classes,ObjectVariable,0,3
jwrapper_class2,Wrapper_Classes,ConstructorCall,0,1
jwrapper_class2,Wrapper_Classes,DoubleDataType,0,1
jwrapper_class2,Wrapper_Classes,AddExpression,0,2
jwrapper_class2,Wrapper_Classes,VariableInitializationStatement,0,4
jwrapper_class2,Wrapper_Classes,ObjectCreationStatement,0,1
jwrapper_class2,Wrapper_Classes,ExplicitTypeCasting,0,1
jwrapper_class2,Wrapper_Classes,java.lang.Double,1,2
jwrapper_class2,Wrapper_Classes,java.lang.Integer,1,1
jwrapper_class2,Wrapper_Classes,AutoBoxing,1,5
jwrapper_class3,Wrapper_Classes,java.util.ArrayList.add,0,4
jwrapper_class3,Wrapper_Classes,GenericObjectCreationStatement,0,1
jwrapper_class3,Wrapper_Classes,SimpleAssignmentExpression,0,1
jwrapper_class3,Wrapper_Classes,ObjectMethodInvocation,0,4
jwrapper_class3,Wrapper_Classes,ActualMethodParameter,0,4
jwrapper_class3,Wrapper_Classes,SimpleVariable,0,3
jwrapper_class3,Wrapper_Classes,ForEachStatement,0,1
jwrapper_class3,Wrapper_Classes,java.util.ArrayList,0,1
jwrapper_class3,Wrapper_Classes,ObjectVariable,0,1
jwrapper_class3,Wrapper_Classes,MultiplyExpression,0,1
jwrapper_class3,Wrapper_Classes,ConstructorCall,0,5
jwrapper_class3,Wrapper_Classes,ImportStatement,0,1
jwrapper_class3,Wrapper_Classes,DoubleDataType,0,3
jwrapper_class3,Wrapper_Classes,VariableInitializationStatement,0,2
jwrapper_class3,Wrapper_Classes,AddAssignmentExpression,0,1
jwrapper_class3,Wrapper_Classes,java.lang.Double,1,1
jwrapper_class3,Wrapper_Classes,AutoBoxing,1,1
jwrapper_class4,Wrapper_Classes,PublicAccessSpecifier,0,3.5
jwrapper_class4,Wrapper_Classes,ImportStatement,0,1
jwrapper_class4,Wrapper_Classes,DoubleDataType,0,2.5
jwrapper_class4,Wrapper_Classes,ConstructorCall,0,12
jwrapper_class4,Wrapper_Classes,AddExpression,0,0.5
jwrapper_class4,Wrapper_Classes,InstanceField,0,1
jwrapper_class4,Wrapper_Classes,VoidDataType,0,1
jwrapper_class4,Wrapper_Classes,java.util.ArrayList.add,0,11
jwrapper_class4,Wrapper_Classes,InstanceFieldDefinitionStatement,0,1
jwrapper_class4,Wrapper_Classes,VariableInitializationStatement,0,3
jwrapper_class4,Wrapper_Classes,GenericObjectCreationStatement,0,3
jwrapper_class4,Wrapper_Classes,java.util.ArrayList.size,0,1
jwrapper_class4,Wrapper_Classes,ForStatement,0,1
jwrapper_class4,Wrapper_Classes,PrivateAccessSpecifier,0,1
jwrapper_class4,Wrapper_Classes,ObjectMethodInvocation,0,13
jwrapper_class4,Wrapper_Classes,SubtractExpression,0,0.5
jwrapper_class4,Wrapper_Classes,ActualMethodParameter,0,11
jwrapper_class4,Wrapper_Classes,ForEachStatement,0,1
jwrapper_class4,Wrapper_Classes,ConstructorDefinition,0,1
jwrapper_class4,Wrapper_Classes,LessExpression,0,1
jwrapper_class4,Wrapper_Classes,PostIncrementExpression,0,1
jwrapper_class4,Wrapper_Classes,FormalMethodParameter,0,2.5
jwrapper_class4,Wrapper_Classes,ClassDefinition,0,0.5
jwrapper_class4,Wrapper_Classes,java.util.ArrayList,0,3
jwrapper_class4,Wrapper_Classes,SimpleAssignmentExpression,0,6
jwrapper_class4,Wrapper_Classes,IntDataType,0,1.5
jwrapper_class4,Wrapper_Classes,ObjectVariable,0,4
jwrapper_class4,Wrapper_Classes,ReturnStatement,0,1
jwrapper_class4,Wrapper_Classes,SimpleVariable,0,4
jwrapper_class4,Wrapper_Classes,AddAssignmentExpression,0,1
jwrapper_class4,Wrapper_Classes,MethodDefinition,0,2
jwrapper_class4,Wrapper_Classes,ExpressionStatement,0,5
jwrapper_class4,Wrapper_Classes,java.lang.Double,1,1
jwrapper_class4,Wrapper_Classes,java.lang.Integer,1,1
jwrapper_class4,Wrapper_Classes,AutoBoxing,1,1
jarray1,Arrays,WhileStatement,0,1
jarray1,Arrays,StatementBlock,0,1
jarray1,Arrays,SimpleAssignmentExpression,0,3
jarray1,Arrays,SimpleVariable,0,2
jarray1,Arrays,IntDataType,0,3
jarray1,Arrays,PostIncrementExpression,0,1
jarray1,Arrays,AddAssignmentExpression,0,1
jarray1,Arrays,LessExpression,0,1
jarray1,Arrays,ExpressionStatement,0,1
jarray1,Arrays,VariableInitializationStatement,0,2
jarray1,Arrays,ArrayInitializationStatement,1,1
jarray1,Arrays,ArrayElement,1,1
jarray1,Arrays,ArrayInitializer,1,1
jarray1,Arrays,ArrayVariable,1,1
jarray2,Arrays,AddExpression,0,1
jarray2,Arrays,GreaterExpression,0,1
jarray2,Arrays,SimpleAssignmentExpression,0,4
jarray2,Arrays,SimpleVariable,0,2
jarray2,Arrays,IfStatement,0,1
jarray2,Arrays,IntDataType,0,3
jarray2,Arrays,ForStatement,0,1
jarray2,Arrays,NestedStatement,0,1
jarray2,Arrays,PostIncrementExpression,0,1
jarray2,Arrays,LessExpression,0,1
jarray2,Arrays,ExpressionStatement,0,1
jarray2,Arrays,VariableInitializationStatement,0,2
jarray2,Arrays,ArrayLength,1,1
jarray2,Arrays,ArrayInitializationStatement,1,1
jarray2,Arrays,ArrayElement,1,2
jarray2,Arrays,ArrayInitializer,1,1
jarray2,Arrays,ArrayVariable,1,1
jarray3,Arrays,ExpressionStatement,0,3.5
jarray3,Arrays,ConstructorDefinition,0,0.5
jarray3,Arrays,VariableInitializationStatement,0,3
jarray3,Arrays,FormalMethodParameter,0,1
jarray3,Arrays,ClassDefinition,0,0.5
jarray3,Arrays,MultiplyExpression,0,2
jarray3,Arrays,DoubleDataType,0,5.5
jarray3,Arrays,ReturnStatement,0,0.5
jarray3,Arrays,AddExpression,0,2
jarray3,Arrays,MethodDefinition,0,1.5
jarray3,Arrays,SimpleAssignmentExpression,0,8.5
jarray3,Arrays,ClassField,0,2
jarray3,Arrays,PublicAccessSpecifier,0,4.5
jarray3,Arrays,ObjectCreationStatement,0,1
jarray3,Arrays,SimpleVariable,0,3
jarray3,Arrays,IntDataType,0,1
jarray3,Arrays,StaticModifier,0,2
jarray3,Arrays,ClassConstantInitializationStatement,0,2
jarray3,Arrays,ForStatement,0,1
jarray3,Arrays,ObjectMethodInvocation,0,3
jarray3,Arrays,InstanceField,0,1
jarray3,Arrays,VoidDataType,0,1
jarray3,Arrays,FinalModifier,0,2
jarray3,Arrays,ActualMethodParameter,0,2
jarray3,Arrays,PrivateAccessSpecifier,0,1
jarray3,Arrays,PostIncrementExpression,0,1
jarray3,Arrays,SubtractExpression,0,0.5
jarray3,Arrays,LessExpression,0,1
jarray3,Arrays,ConstructorCall,0,1
jarray3,Arrays,ObjectVariable,0,1
jarray3,Arrays,ArrayVariable,1,1
jarray3,Arrays,ArrayLength,1,1
jarray3,Arrays,ArrayInitializationStatement,1,1
jarray3,Arrays,ArrayElement,1,1
jarray3,Arrays,ArrayInitializer,1,2
jarray4,Arrays,PostIncrementExpression,0,1
jarray4,Arrays,LessExpression,0,1
jarray4,Arrays,ConstructorCall,0,1
jarray4,Arrays,ExpressionStatement,0,1
jarray4,Arrays,VariableInitializationStatement,0,1
jarray4,Arrays,MultiplyExpression,0,1
jarray4,Arrays,SimpleAssignmentExpression,0,3
jarray4,Arrays,SimpleVariable,0,2
jarray4,Arrays,IntDataType,0,3
jarray4,Arrays,ForStatement,0,1
jarray4,Arrays,ArrayVariable,1,1
jarray4,Arrays,ArrayLength,1,2
jarray4,Arrays,ArrayCreationStatement,1,1
jarray4,Arrays,ArrayElement,1,2
jarray5,Arrays,PrivateAccessSpecifier,0,1
jarray5,Arrays,InstanceFieldDefinitionStatement,0,0.5
jarray5,Arrays,SubtractExpression,0,0.5
jarray5,Arrays,PostIncrementExpression,0,1
jarray5,Arrays,ConstructorDefinition,0,1
jarray5,Arrays,ConstructorCall,0,2
jarray5,Arrays,LessExpression,0,1
jarray5,Arrays,FormalMethodParameter,0,1.5
jarray5,Arrays,ExpressionStatement,0,3
jarray5,Arrays,VariableInitializationStatement,0,3
jarray5,Arrays,ClassDefinition,0,0.5
jarray5,Arrays,DoubleDataType,0,2.5
jarray5,Arrays,MultiplyExpression,0,1
jarray5,Arrays,ReturnStatement,0,0.5
jarray5,Arrays,AddExpression,0,0.5
jarray5,Arrays,MethodDefinition,0,1.5
jarray5,Arrays,PublicAccessSpecifier,0,3
jarray5,Arrays,ObjectCreationStatement,0,1
jarray5,Arrays,SimpleAssignmentExpression,0,6
jarray5,Arrays,SimpleVariable,0,3
jarray5,Arrays,IntDataType,0,1
jarray5,Arrays,ObjectMethodInvocation,0,1
jarray5,Arrays,InstanceField,0,0.5
jarray5,Arrays,VoidDataType,0,1
jarray5,Arrays,ForStatement,0,1
jarray5,Arrays,ArrayVariable,1,1
jarray5,Arrays,ArrayLength,1,2
jarray5,Arrays,ArrayCreationStatement,1,1
jarray5,Arrays,ArrayElement,1,2
j2d_arrays1,Two-dimensional_Arrays,SimpleAssignmentExpression,0,4
j2d_arrays1,Two-dimensional_Arrays,IntDataType,0,4
j2d_arrays1,Two-dimensional_Arrays,ArrayVariable,0,1
j2d_arrays1,Two-dimensional_Arrays,SimpleVariable,0,3
j2d_arrays1,Two-dimensional_Arrays,ArrayInitializationStatement,0,1
j2d_arrays1,Two-dimensional_Arrays,ArrayInitializer,0,1
j2d_arrays1,Two-dimensional_Arrays,AddExpression,0,1
j2d_arrays1,Two-dimensional_Arrays,ArrayElement,0,2
j2d_arrays1,Two-dimensional_Arrays,VariableInitializationStatement,0,3
j2d_arrays1,Two-dimensional_Arrays,MultiDimensionalArrayDataType,1,1
j2d_arrays2,Two-dimensional_Arrays,VariableInitializationStatement,0,3
j2d_arrays2,Two-dimensional_Arrays,ForStatement,0,2
j2d_arrays2,Two-dimensional_Arrays,PostIncrementExpression,0,2
j2d_arrays2,Two-dimensional_Arrays,SimpleAssignmentExpression,0,4
j2d_arrays2,Two-dimensional_Arrays,IntDataType,0,4
j2d_arrays2,Two-dimensional_Arrays,ArrayVariable,0,1
j2d_arrays2,Two-dimensional_Arrays,SimpleVariable,0,3
j2d_arrays2,Two-dimensional_Arrays,ArrayLength,0,2
j2d_arrays2,Two-dimensional_Arrays,ArrayCreationStatement,0,1
j2d_arrays2,Two-dimensional_Arrays,ExpressionStatement,0,3
j2d_arrays2,Two-dimensional_Arrays,NestedStatement,0,1
j2d_arrays2,Two-dimensional_Arrays,ConstructorCall,0,1
j2d_arrays2,Two-dimensional_Arrays,AddExpression,0,1
j2d_arrays2,Two-dimensional_Arrays,ArrayElement,0,2
j2d_arrays2,Two-dimensional_Arrays,MultiDimensionalArrayDataType,1,1
j2d_arrays3,Two-dimensional_Arrays,VariableInitializationStatement,0,4
j2d_arrays3,Two-dimensional_Arrays,ArrayElement,0,2
j2d_arrays3,Two-dimensional_Arrays,ForStatement,0,4
j2d_arrays3,Two-dimensional_Arrays,SubtractExpression,0,1
j2d_arrays3,Two-dimensional_Arrays,StatementBlock,0,1
j2d_arrays3,Two-dimensional_Arrays,java.lang.System.out.println,0,1
j2d_arrays3,Two-dimensional_Arrays,PostIncrementExpression,0,4
j2d_arrays3,Two-dimensional_Arrays,LessExpression,0,4
j2d_arrays3,Two-dimensional_Arrays,java.lang.System.out.print,0,1
j2d_arrays3,Two-dimensional_Arrays,SimpleAssignmentExpression,0,7
j2d_arrays3,Two-dimensional_Arrays,ConstantInitializationStatement,0,2
j2d_arrays3,Two-dimensional_Arrays,IntDataType,0,8
j2d_arrays3,Two-dimensional_Arrays,Constant,0,2
j2d_arrays3,Two-dimensional_Arrays,ArrayVariable,0,2
j2d_arrays3,Two-dimensional_Arrays,SimpleVariable,0,4
j2d_arrays3,Two-dimensional_Arrays,ArrayCreationStatement,0,1
j2d_arrays3,Two-dimensional_Arrays,ExpressionStatement,0,5
j2d_arrays3,Two-dimensional_Arrays,NestedStatement,0,2
j2d_arrays3,Two-dimensional_Arrays,ConstructorCall,0,1
j2d_arrays3,Two-dimensional_Arrays,AddExpression,0,1
j2d_arrays3,Two-dimensional_Arrays,MultiDimensionalArrayDataType,1,1
j2d_arrays4,Two-dimensional_Arrays,VariableInitializationStatement,0,3
j2d_arrays4,Two-dimensional_Arrays,ArrayElement,0,1
j2d_arrays4,Two-dimensional_Arrays,ForStatement,0,2
j2d_arrays4,Two-dimensional_Arrays,GreaterExpression,0,1
j2d_arrays4,Two-dimensional_Arrays,PostIncrementExpression,0,3
j2d_arrays4,Two-dimensional_Arrays,LessExpression,0,2
j2d_arrays4,Two-dimensional_Arrays,SimpleAssignmentExpression,0,3
j2d_arrays4,Two-dimensional_Arrays,IntDataType,0,4
j2d_arrays4,Two-dimensional_Arrays,ArrayLength,0,2
j2d_arrays4,Two-dimensional_Arrays,IfStatement,0,1
j2d_arrays4,Two-dimensional_Arrays,ArrayVariable,0,1
j2d_arrays4,Two-dimensional_Arrays,SimpleVariable,0,3
j2d_arrays4,Two-dimensional_Arrays,ArrayInitializationStatement,0,1
j2d_arrays4,Two-dimensional_Arrays,ArrayInitializer,0,1
j2d_arrays4,Two-dimensional_Arrays,MultiDimensionalArrayDataType,1,1
jarraylist1,ArrayList,InstanceFieldDefinitionStatement,0,1
jarraylist1,ArrayList,SubtractExpression,0,0.5
jarraylist1,ArrayList,ObjectVariable,0,1
jarraylist1,ArrayList,PrivateAccessSpecifier,0,1
jarraylist1,ArrayList,ConstructorDefinition,0,1
jarraylist1,ArrayList,ConstructorCall,0,6
jarraylist1,ArrayList,FormalMethodParameter,0,2.5
jarraylist1,ArrayList,ExpressionStatement,0,3
jarraylist1,ArrayList,VariableInitializationStatement,0,1
jarraylist1,ArrayList,ClassDefinition,0,0.5
jarraylist1,ArrayList,DoubleDataType,0,2.5
jarraylist1,ArrayList,ImportStatement,0,1
jarraylist1,ArrayList,ReturnStatement,0,1
jarraylist1,ArrayList,AddExpression,0,0.5
jarraylist1,ArrayList,MethodDefinition,0,2
jarraylist1,ArrayList,PublicAccessSpecifier,0,3.5
jarraylist1,ArrayList,SimpleAssignmentExpression,0,4
jarraylist1,ArrayList,SimpleVariable,0,3
jarraylist1,ArrayList,IntDataType,0,0.5
jarraylist1,ArrayList,ObjectMethodInvocation,0,7
jarraylist1,ArrayList,ActualMethodParameter,0,6
jarraylist1,ArrayList,InstanceField,0,1
jarraylist1,ArrayList,VoidDataType,0,1
jarraylist1,ArrayList,java.util.ArrayList,1,1
jarraylist1,ArrayList,java.util.ArrayList.add,1,1
jarraylist1,ArrayList,GenericObjectCreationStatement,1,1
jarraylist1,ArrayList,java.util.ArrayList.get,1,1
jarraylist2,ArrayList,ObjectMethodInvocation,0,9
jarraylist2,ArrayList,ActualMethodParameter,0,8
jarraylist2,ArrayList,ObjectVariable,0,1
jarraylist2,ArrayList,ModulusExpression,0,2
jarraylist2,ArrayList,ConstructorCall,0,1
jarraylist2,ArrayList,StringLiteral,0,7
jarraylist2,ArrayList,ExpressionStatement,0,1
jarraylist2,ArrayList,VariableInitializationStatement,0,1
jarraylist2,ArrayList,ImportStatement,0,1
jarraylist2,ArrayList,IfElseIfStatement,0,1
jarraylist2,ArrayList,EqualExpression,0,2
jarraylist2,ArrayList,SimpleAssignmentExpression,0,2
jarraylist2,ArrayList,StringDataType,0,7
jarraylist2,ArrayList,SimpleVariable,0,1
jarraylist2,ArrayList,IntDataType,0,1
jarraylist2,ArrayList,java.util.ArrayList.remove,1,1
jarraylist2,ArrayList,java.util.ArrayList.size,1,1
jarraylist2,ArrayList,java.util.ArrayList,1,1
jarraylist2,ArrayList,java.util.ArrayList.set,1,1
jarraylist2,ArrayList,java.util.ArrayList.add,1,6
jarraylist2,ArrayList,GenericObjectCreationStatement,1,1
jarraylist3,ArrayList,InstanceField,0,1
jarraylist3,ArrayList,VoidDataType,0,1
jarraylist3,ArrayList,IntDataType,0,2.5
jarraylist3,ArrayList,ObjectMethodInvocation,0,3
jarraylist3,ArrayList,InstanceFieldDefinitionStatement,0,1
jarraylist3,ArrayList,SubtractExpression,0,0.5
jarraylist3,ArrayList,PostIncrementExpression,0,1
jarraylist3,ArrayList,ActualMethodParameter,0,2
jarraylist3,ArrayList,PrivateAccessSpecifier,0,1
jarraylist3,ArrayList,java.lang.System.out.println,0,2
jarraylist3,ArrayList,LessExpression,0,1
jarraylist3,ArrayList,java.lang.System.out.print,0,2
jarraylist3,ArrayList,ObjectVariable,0,1
jarraylist3,ArrayList,ConstructorDefinition,0,1
jarraylist3,ArrayList,FormalMethodParameter,0,2.5
jarraylist3,ArrayList,ConstructorCall,0,1
jarraylist3,ArrayList,StringLiteral,0,1
jarraylist3,ArrayList,ClassDefinition,0,0.5
jarraylist3,ArrayList,ExpressionStatement,0,3
jarraylist3,ArrayList,DoubleDataType,0,1.5
jarraylist3,ArrayList,VariableInitializationStatement,0,3
jarraylist3,ArrayList,ReturnStatement,0,1
jarraylist3,ArrayList,AddExpression,0,1.5
jarraylist3,ArrayList,MethodDefinition,0,2
jarraylist3,ArrayList,ImportStatement,0,1
jarraylist3,ArrayList,PublicAccessSpecifier,0,3.5
jarraylist3,ArrayList,SimpleAssignmentExpression,0,6
jarraylist3,ArrayList,StringDataType,0,1
jarraylist3,ArrayList,StringAddition,0,1
jarraylist3,ArrayList,ForStatement,0,1
jarraylist3,ArrayList,SimpleVariable,0,4
jarraylist3,ArrayList,java.util.ArrayList.add,1,1
jarraylist3,ArrayList,java.util.ArrayList.get,1,1
jarraylist3,ArrayList,GenericObjectCreationStatement,1,1
jarraylist3,ArrayList,java.util.ArrayList.size,1,1
jarraylist3,ArrayList,java.util.ArrayList,1,1
jarraylist4,ArrayList,AddExpression,0,0.5
jarraylist4,ArrayList,InstanceField,0,1
jarraylist4,ArrayList,VoidDataType,0,1
jarraylist4,ArrayList,InstanceFieldDefinitionStatement,0,1
jarraylist4,ArrayList,VariableInitializationStatement,0,3
jarraylist4,ArrayList,PrivateAccessSpecifier,0,1
jarraylist4,ArrayList,ObjectMethodInvocation,0,11
jarraylist4,ArrayList,SubtractExpression,0,0.5
jarraylist4,ArrayList,ActualMethodParameter,0,10
jarraylist4,ArrayList,ConstructorDefinition,0,1
jarraylist4,ArrayList,FormalMethodParameter,0,2.5
jarraylist4,ArrayList,PostIncrementExpression,0,1
jarraylist4,ArrayList,ClassDefinition,0,0.5
jarraylist4,ArrayList,SimpleAssignmentExpression,0,6
jarraylist4,ArrayList,IntDataType,0,1.5
jarraylist4,ArrayList,ObjectVariable,0,2
jarraylist4,ArrayList,IfStatement,0,1
jarraylist4,ArrayList,MultiplyExpression,0,1
jarraylist4,ArrayList,ReturnStatement,0,1
jarraylist4,ArrayList,SimpleVariable,0,4
jarraylist4,ArrayList,GreaterEqualExpression,0,1
jarraylist4,ArrayList,MethodDefinition,0,2
jarraylist4,ArrayList,ExpressionStatement,0,3
jarraylist4,ArrayList,PublicAccessSpecifier,0,3.5
jarraylist4,ArrayList,ImportStatement,0,1
jarraylist4,ArrayList,DoubleDataType,0,2.5
jarraylist4,ArrayList,ConstructorCall,0,11
jarraylist4,ArrayList,java.util.ArrayList.get,1,1
jarraylist4,ArrayList,java.util.ArrayList.add,1,10
jarraylist4,ArrayList,GenericObjectCreationStatement,1,1
jarraylist4,ArrayList,ForEachStatement,1,1
jarraylist4,ArrayList,java.util.ArrayList,1,1
jarraylist5,ArrayList,ConstructorCall,0,2
jarraylist5,ArrayList,AddExpression,0,1.5
jarraylist5,ArrayList,InstanceField,0,1
jarraylist5,ArrayList,VoidDataType,0,1
jarraylist5,ArrayList,ModulusExpression,0,1
jarraylist5,ArrayList,InstanceFieldDefinitionStatement,0,1
jarraylist5,ArrayList,VariableInitializationStatement,0,2
jarraylist5,ArrayList,ForStatement,0,1
jarraylist5,ArrayList,PrivateAccessSpecifier,0,1
jarraylist5,ArrayList,ObjectMethodInvocation,0,2
jarraylist5,ArrayList,java.lang.System.out.println,0,1
jarraylist5,ArrayList,SubtractExpression,0,0.5
jarraylist5,ArrayList,ActualMethodParameter,0,1
jarraylist5,ArrayList,ConstructorDefinition,0,1
jarraylist5,ArrayList,LessExpression,0,1
jarraylist5,ArrayList,FormalMethodParameter,0,2.5
jarraylist5,ArrayList,PostIncrementExpression,0,1
jarraylist5,ArrayList,ClassDefinition,0,0.5
jarraylist5,ArrayList,SimpleAssignmentExpression,0,5
jarraylist5,ArrayList,IntDataType,0,1.5
jarraylist5,ArrayList,ObjectVariable,0,2
jarraylist5,ArrayList,IfStatement,0,1
jarraylist5,ArrayList,MultiplyExpression,0,1
jarraylist5,ArrayList,ReturnStatement,0,1
jarraylist5,ArrayList,EqualExpression,0,1
jarraylist5,ArrayList,SimpleVariable,0,3
jarraylist5,ArrayList,MethodDefinition,0,2
jarraylist5,ArrayList,ExpressionStatement,0,3
jarraylist5,ArrayList,PublicAccessSpecifier,0,3.5
jarraylist5,ArrayList,ImportStatement,0,1
jarraylist5,ArrayList,DoubleDataType,0,1.5
jarraylist5,ArrayList,java.util.ArrayList.add,1,1
jarraylist5,ArrayList,GenericObjectCreationStatement,1,1
jarraylist5,ArrayList,ForEachStatement,1,1
jarraylist5,ArrayList,java.util.ArrayList,1,1
jInheritance1,Inheritance,StringAddition,0,4
jInheritance1,Inheritance,AndExpression,0,1
jInheritance1,Inheritance,PrivateAccessSpecifier,0,1.5
jInheritance1,Inheritance,ObjectMethodInvocation,0,3
jInheritance1,Inheritance,ConstructorDefinition,0,1.5
jInheritance1,Inheritance,StaticModifier,0,2.5
jInheritance1,Inheritance,MultiplyExpression,0,1
jInheritance1,Inheritance,ClassConstantInitializationStatement,0,2.5
jInheritance1,Inheritance,LessExpression,0,1
jInheritance1,Inheritance,FormalMethodParameter,0,1
jInheritance1,Inheritance,ThisReference,0,2.5
jInheritance1,Inheritance,ObjectVariable,0,3.5
jInheritance1,Inheritance,ClassDefinition,0,1.5
jInheritance1,Inheritance,SimpleAssignmentExpression,0,4
jInheritance1,Inheritance,FinalModifier,0,2.5
jInheritance1,Inheritance,IntDataType,0,3.5
jInheritance1,Inheritance,IfElseStatement,0,1
jInheritance1,Inheritance,BooleanDataType,0,1
jInheritance1,Inheritance,ReturnStatement,0,7.5
jInheritance1,Inheritance,StringDataType,0,2.5
jInheritance1,Inheritance,SimpleVariable,0,1.5
jInheritance1,Inheritance,DivideExpression,0,1
jInheritance1,Inheritance,MethodDefinition,0,6.5
jInheritance1,Inheritance,ExpressionStatement,0,1.5
jInheritance1,Inheritance,java.lang.System.out.println,0,4
jInheritance1,Inheritance,PublicAccessSpecifier,0,11.5
jInheritance1,Inheritance,ConstructorCall,0,3
jInheritance1,Inheritance,DoubleDataType,0,1.5
jInheritance1,Inheritance,InstanceField,0,1.5
jInheritance1,Inheritance,EqualExpression,0,1.5
jInheritance1,Inheritance,InstanceFieldDefinitionStatement,0,1.5
jInheritance1,Inheritance,VariableInitializationStatement,0,1
jInheritance1,Inheritance,ClassField,0,2.5
jInheritance1,Inheritance,PolymorphicObjectCreationStatement,0,3
jInheritance1,Inheritance,StringLiteral,0,4.5
jInheritance1,Inheritance,InstanceFieldInvocation,1,1.5
jInheritance1,Inheritance,OverridingToString,1,1
jInheritance1,Inheritance,SuperReference,1,3
jInheritance1,Inheritance,MethodInheritance,1,3
jInheritance1,Inheritance,SuperclassConstructorCall,1,1
jInheritance1,Inheritance,SuperclassSubclassConversion,1,2
jInheritance1,Inheritance,ExtendsSpecification,1,1
jInheritance1,Inheritance,OverridingEquals,1,1
jInheritance1,Inheritance,MethodOverriding,1,2
jInheritance1,Inheritance,java.lang.Object,1,0.5
jInheritance1,Inheritance,SuperclassMethodCall,1,2.5
jInheritance1,Inheritance,InheritanceBasedPolymorphism,1,3
jInheritance2,Inheritance,EqualExpression,0,1.5
jInheritance2,Inheritance,InstanceFieldDefinitionStatement,0,1.5
jInheritance2,Inheritance,VariableInitializationStatement,0,2
jInheritance2,Inheritance,ClassField,0,2.5
jInheritance2,Inheritance,PolymorphicObjectCreationStatement,0,3
jInheritance2,Inheritance,StringLiteral,0,4.5
jInheritance2,Inheritance,StringAddition,0,4
jInheritance2,Inheritance,AndExpression,0,1
jInheritance2,Inheritance,PrivateAccessSpecifier,0,1.5
jInheritance2,Inheritance,ObjectMethodInvocation,0,4
jInheritance2,Inheritance,ObjectCreationStatement,0,1
jInheritance2,Inheritance,ConstructorDefinition,0,1.5
jInheritance2,Inheritance,LessExpression,0,4
jInheritance2,Inheritance,StaticModifier,0,2.5
jInheritance2,Inheritance,MultiplyExpression,0,1
jInheritance2,Inheritance,ClassConstantInitializationStatement,0,2.5
jInheritance2,Inheritance,FormalMethodParameter,0,1
jInheritance2,Inheritance,ThisReference,0,2.5
jInheritance2,Inheritance,ObjectVariable,0,4.5
jInheritance2,Inheritance,ClassDefinition,0,1.5
jInheritance2,Inheritance,SimpleAssignmentExpression,0,4
jInheritance2,Inheritance,FinalModifier,0,2.5
jInheritance2,Inheritance,IntDataType,0,4.5
jInheritance2,Inheritance,IfElseStatement,0,1
jInheritance2,Inheritance,BooleanDataType,0,1
jInheritance2,Inheritance,ReturnStatement,0,7.5
jInheritance2,Inheritance,StringDataType,0,2.5
jInheritance2,Inheritance,SimpleVariable,0,2.5
jInheritance2,Inheritance,DivideExpression,0,1
jInheritance2,Inheritance,MethodDefinition,0,6.5
jInheritance2,Inheritance,ExpressionStatement,0,1.5
jInheritance2,Inheritance,java.lang.System.out.println,0,4
jInheritance2,Inheritance,PublicAccessSpecifier,0,11.5
jInheritance2,Inheritance,ConstructorCall,0,4
jInheritance2,Inheritance,IfElseIfStatement,0,1
jInheritance2,Inheritance,DoubleDataType,0,1.5
jInheritance2,Inheritance,InstanceField,0,1.5
jInheritance2,Inheritance,SuperclassMethodCall,1,2.5
jInheritance2,Inheritance,InheritanceBasedPolymorphism,1,3
jInheritance2,Inheritance,InstanceFieldInvocation,1,1.5
jInheritance2,Inheritance,OverridingToString,1,1
jInheritance2,Inheritance,SuperReference,1,3
jInheritance2,Inheritance,SuperclassConstructorCall,1,1
jInheritance2,Inheritance,SuperclassSubclassConversion,1,1
jInheritance2,Inheritance,ExtendsSpecification,1,1
jInheritance2,Inheritance,OverridingEquals,1,1
jInheritance2,Inheritance,MethodOverriding,1,5
jInheritance2,Inheritance,java.lang.Object,1,0.5
jInheritance3,Inheritance,InstanceField,0,1.5
jInheritance3,Inheritance,EqualExpression,0,1.5
jInheritance3,Inheritance,InstanceFieldDefinitionStatement,0,1.5
jInheritance3,Inheritance,VariableInitializationStatement,0,1
jInheritance3,Inheritance,ClassField,0,2.5
jInheritance3,Inheritance,PolymorphicObjectCreationStatement,0,2
jInheritance3,Inheritance,StringLiteral,0,4.5
jInheritance3,Inheritance,StringAddition,0,4
jInheritance3,Inheritance,AndExpression,0,1
jInheritance3,Inheritance,PrivateAccessSpecifier,0,1.5
jInheritance3,Inheritance,ObjectMethodInvocation,0,3
jInheritance3,Inheritance,ObjectCreationStatement,0,1
jInheritance3,Inheritance,ConstructorDefinition,0,1.5
jInheritance3,Inheritance,LessExpression,0,1
jInheritance3,Inheritance,StaticModifier,0,2.5
jInheritance3,Inheritance,MultiplyExpression,0,1
jInheritance3,Inheritance,ClassConstantInitializationStatement,0,2.5
jInheritance3,Inheritance,FormalMethodParameter,0,1
jInheritance3,Inheritance,ThisReference,0,2.5
jInheritance3,Inheritance,ObjectVariable,0,3.5
jInheritance3,Inheritance,ClassDefinition,0,1.5
jInheritance3,Inheritance,SimpleAssignmentExpression,0,4
jInheritance3,Inheritance,FinalModifier,0,2.5
jInheritance3,Inheritance,IntDataType,0,3.5
jInheritance3,Inheritance,IfElseStatement,0,1
jInheritance3,Inheritance,BooleanDataType,0,1
jInheritance3,Inheritance,ReturnStatement,0,7.5
jInheritance3,Inheritance,StringDataType,0,2.5
jInheritance3,Inheritance,SimpleVariable,0,1.5
jInheritance3,Inheritance,DivideExpression,0,1
jInheritance3,Inheritance,MethodDefinition,0,6.5
jInheritance3,Inheritance,ExpressionStatement,0,1.5
jInheritance3,Inheritance,java.lang.System.out.println,0,3
jInheritance3,Inheritance,PublicAccessSpecifier,0,11.5
jInheritance3,Inheritance,ConstructorCall,0,3
jInheritance3,Inheritance,DoubleDataType,0,1.5
jInheritance3,Inheritance,SuperclassMethodCall,1,4.5
jInheritance3,Inheritance,InheritanceBasedPolymorphism,1,2
jInheritance3,Inheritance,InstanceFieldInvocation,1,1.5
jInheritance3,Inheritance,OverridingToString,1,1
jInheritance3,Inheritance,SuperReference,1,3
jInheritance3,Inheritance,SuperclassConstructorCall,1,1
jInheritance3,Inheritance,SuperclassSubclassConversion,1,1
jInheritance3,Inheritance,ExtendsSpecification,1,1
jInheritance3,Inheritance,OverridingEquals,1,1
jInheritance3,Inheritance,MethodOverriding,1,4
jInheritance3,Inheritance,java.lang.Object,1,0.5
jInheritance4,Inheritance,ImportStatement,0,1
jInheritance4,Inheritance,InstanceField,0,1.5
jInheritance4,Inheritance,EqualExpression,0,1.5
jInheritance4,Inheritance,java.util.ArrayList.get,0,1
jInheritance4,Inheritance,InstanceFieldDefinitionStatement,0,1.5
jInheritance4,Inheritance,VariableInitializationStatement,0,1
jInheritance4,Inheritance,ClassField,0,2.5
jInheritance4,Inheritance,StringLiteral,0,4.5
jInheritance4,Inheritance,StringAddition,0,4
jInheritance4,Inheritance,AndExpression,0,1
jInheritance4,Inheritance,PrivateAccessSpecifier,0,1.5
jInheritance4,Inheritance,ObjectMethodInvocation,0,1
jInheritance4,Inheritance,ObjectCreationStatement,0,5
jInheritance4,Inheritance,ConstructorDefinition,0,1.5
jInheritance4,Inheritance,LessExpression,0,1
jInheritance4,Inheritance,StaticModifier,0,2.5
jInheritance4,Inheritance,MultiplyExpression,0,1
jInheritance4,Inheritance,ClassConstantInitializationStatement,0,2.5
jInheritance4,Inheritance,java.util.ArrayList.add,0,4
jInheritance4,Inheritance,GenericObjectCreationStatement,0,1
jInheritance4,Inheritance,FormalMethodParameter,0,1
jInheritance4,Inheritance,ThisReference,0,2.5
jInheritance4,Inheritance,ObjectVariable,0,1.5
jInheritance4,Inheritance,ClassDefinition,0,1.5
jInheritance4,Inheritance,SimpleAssignmentExpression,0,4
jInheritance4,Inheritance,FinalModifier,0,2.5
jInheritance4,Inheritance,IntDataType,0,3.5
jInheritance4,Inheritance,IfElseStatement,0,1
jInheritance4,Inheritance,BooleanDataType,0,1
jInheritance4,Inheritance,ReturnStatement,0,7.5
jInheritance4,Inheritance,StringDataType,0,2.5
jInheritance4,Inheritance,SimpleVariable,0,1.5
jInheritance4,Inheritance,DivideExpression,0,1
jInheritance4,Inheritance,MethodDefinition,0,6.5
jInheritance4,Inheritance,ExpressionStatement,0,1.5
jInheritance4,Inheritance,java.lang.System.out.println,0,1
jInheritance4,Inheritance,ActualMethodParameter,0,5
jInheritance4,Inheritance,PublicAccessSpecifier,0,11.5
jInheritance4,Inheritance,java.util.ArrayList,0,1
jInheritance4,Inheritance,ConstructorCall,0,5
jInheritance4,Inheritance,DoubleDataType,0,1.5
jInheritance4,Inheritance,SuperclassMethodCall,1,2.5
jInheritance4,Inheritance,InheritanceBasedPolymorphism,1,1
jInheritance4,Inheritance,InstanceFieldInvocation,1,1.5
jInheritance4,Inheritance,OverridingToString,1,1
jInheritance4,Inheritance,SuperReference,1,3
jInheritance4,Inheritance,SuperclassConstructorCall,1,1
jInheritance4,Inheritance,SuperclassSubclassConversion,1,1
jInheritance4,Inheritance,ExtendsSpecification,1,1
jInheritance4,Inheritance,OverridingEquals,1,1
jInheritance4,Inheritance,MethodOverriding,1,3
jInheritance4,Inheritance,java.lang.Object,1,0.5
jInheritance5,Inheritance,ConstructorCall,0,3
jInheritance5,Inheritance,DoubleDataType,0,1.5
jInheritance5,Inheritance,InstanceField,0,1.5
jInheritance5,Inheritance,PolymorphicObjectCreationStatement,0,2
jInheritance5,Inheritance,EqualExpression,0,1.5
jInheritance5,Inheritance,InstanceFieldDefinitionStatement,0,1.5
jInheritance5,Inheritance,VariableInitializationStatement,0,1
jInheritance5,Inheritance,ClassField,0,2.5
jInheritance5,Inheritance,StringLiteral,0,4.5
jInheritance5,Inheritance,StringAddition,0,4
jInheritance5,Inheritance,AndExpression,0,1
jInheritance5,Inheritance,PrivateAccessSpecifier,0,1.5
jInheritance5,Inheritance,ObjectCreationStatement,0,1
jInheritance5,Inheritance,ConstructorDefinition,0,1.5
jInheritance5,Inheritance,LessExpression,0,1
jInheritance5,Inheritance,StaticModifier,0,2.5
jInheritance5,Inheritance,MultiplyExpression,0,1
jInheritance5,Inheritance,ClassConstantInitializationStatement,0,2.5
jInheritance5,Inheritance,FormalMethodParameter,0,1
jInheritance5,Inheritance,ThisReference,0,2.5
jInheritance5,Inheritance,ObjectVariable,0,1.5
jInheritance5,Inheritance,ClassDefinition,0,1.5
jInheritance5,Inheritance,SimpleAssignmentExpression,0,4
jInheritance5,Inheritance,FinalModifier,0,2.5
jInheritance5,Inheritance,IntDataType,0,3.5
jInheritance5,Inheritance,IfElseStatement,0,1
jInheritance5,Inheritance,BooleanDataType,0,1
jInheritance5,Inheritance,ReturnStatement,0,7.5
jInheritance5,Inheritance,StringDataType,0,2.5
jInheritance5,Inheritance,SimpleVariable,0,1.5
jInheritance5,Inheritance,DivideExpression,0,1
jInheritance5,Inheritance,MethodDefinition,0,6.5
jInheritance5,Inheritance,ExpressionStatement,0,1.5
jInheritance5,Inheritance,java.lang.System.out.println,0,3
jInheritance5,Inheritance,PublicAccessSpecifier,0,11.5
jInheritance5,Inheritance,java.lang.Object,1,0.5
jInheritance5,Inheritance,SuperclassMethodCall,1,4.5
jInheritance5,Inheritance,InheritanceBasedPolymorphism,1,2
jInheritance5,Inheritance,InstanceFieldInvocation,1,1.5
jInheritance5,Inheritance,OverridingToString,1,4
jInheritance5,Inheritance,SuperReference,1,3
jInheritance5,Inheritance,SuperclassConstructorCall,1,1
jInheritance5,Inheritance,SuperclassSubclassConversion,1,1
jInheritance5,Inheritance,ExtendsSpecification,1,1
jInheritance5,Inheritance,OverridingEquals,1,1
jInheritance5,Inheritance,MethodOverriding,1,2
jInheritance6,Inheritance,PublicAccessSpecifier,0,11.5
jInheritance6,Inheritance,ConstructorCall,0,4
jInheritance6,Inheritance,DoubleDataType,0,1.5
jInheritance6,Inheritance,InstanceField,0,1.5
jInheritance6,Inheritance,PolymorphicObjectCreationStatement,0,3
jInheritance6,Inheritance,EqualExpression,0,1.5
jInheritance6,Inheritance,ObjectMethodInvocation,0,3
jInheritance6,Inheritance,InstanceFieldDefinitionStatement,0,1.5
jInheritance6,Inheritance,VariableInitializationStatement,0,2
jInheritance6,Inheritance,ClassField,0,2.5
jInheritance6,Inheritance,StringLiteral,0,4.5
jInheritance6,Inheritance,StringAddition,0,4
jInheritance6,Inheritance,AndExpression,0,1
jInheritance6,Inheritance,PrivateAccessSpecifier,0,1.5
jInheritance6,Inheritance,ObjectCreationStatement,0,1
jInheritance6,Inheritance,ConstructorDefinition,0,1.5
jInheritance6,Inheritance,LessExpression,0,1
jInheritance6,Inheritance,StaticModifier,0,2.5
jInheritance6,Inheritance,MultiplyExpression,0,6
jInheritance6,Inheritance,ClassConstantInitializationStatement,0,2.5
jInheritance6,Inheritance,AddExpression,0,4
jInheritance6,Inheritance,FormalMethodParameter,0,1
jInheritance6,Inheritance,ThisReference,0,2.5
jInheritance6,Inheritance,ObjectVariable,0,4.5
jInheritance6,Inheritance,ClassDefinition,0,1.5
jInheritance6,Inheritance,SimpleAssignmentExpression,0,11
jInheritance6,Inheritance,FinalModifier,0,2.5
jInheritance6,Inheritance,IntDataType,0,4.5
jInheritance6,Inheritance,IfElseStatement,0,4
jInheritance6,Inheritance,BooleanDataType,0,1
jInheritance6,Inheritance,ObjectEquality,0,3
jInheritance6,Inheritance,ReturnStatement,0,7.5
jInheritance6,Inheritance,StringDataType,0,2.5
jInheritance6,Inheritance,SimpleVariable,0,2.5
jInheritance6,Inheritance,ExpressionStatement,0,7.5
jInheritance6,Inheritance,ActualMethodParameter,0,3
jInheritance6,Inheritance,DivideExpression,0,1
jInheritance6,Inheritance,MethodDefinition,0,6.5
jInheritance6,Inheritance,MethodOverriding,1,2
jInheritance6,Inheritance,java.lang.Object,1,0.5
jInheritance6,Inheritance,SuperclassMethodCall,1,5.5
jInheritance6,Inheritance,InstanceFieldInvocation,1,1.5
jInheritance6,Inheritance,OverridingToString,1,1
jInheritance6,Inheritance,SuperReference,1,3
jInheritance6,Inheritance,SuperclassConstructorCall,1,1
jInheritance6,Inheritance,SuperclassSubclassConversion,1,4
jInheritance6,Inheritance,ExtendsSpecification,1,1
jInheritance6,Inheritance,OverridingEquals,1,4
jInterfaces1,Interfaces,StringDataType,0,1
jInterfaces1,Interfaces,SimpleVariable,0,4.5
jInterfaces1,Interfaces,AddAssignmentExpression,0,3.5
jInterfaces1,Interfaces,MethodDefinition,0,6.5
jInterfaces1,Interfaces,ExpressionStatement,0,5
jInterfaces1,Interfaces,StringVariable,0,1.5
jInterfaces1,Interfaces,PublicAccessSpecifier,0,11.5
jInterfaces1,Interfaces,DoubleDataType,0,2
jInterfaces1,Interfaces,ConstructorCall,0,2
jInterfaces1,Interfaces,InstanceField,0,2.5
jInterfaces1,Interfaces,VoidDataType,0,3.5
jInterfaces1,Interfaces,GreaterExpression,0,0.5
jInterfaces1,Interfaces,java.lang.System.out.println,0,4
jInterfaces1,Interfaces,InstanceFieldDefinitionStatement,0,2.5
jInterfaces1,Interfaces,VariableInitializationStatement,0,3.5
jInterfaces1,Interfaces,ClassField,0,2.5
jInterfaces1,Interfaces,StringLiteral,0,2
jInterfaces1,Interfaces,PrivateAccessSpecifier,0,2.5
jInterfaces1,Interfaces,ObjectMethodInvocation,0,4
jInterfaces1,Interfaces,SubtractExpression,0,1.5
jInterfaces1,Interfaces,ConstructorDefinition,0,1
jInterfaces1,Interfaces,StaticModifier,0,2.5
jInterfaces1,Interfaces,ClassConstantInitializationStatement,0,2.5
jInterfaces1,Interfaces,LessExpression,0,2
jInterfaces1,Interfaces,StringInitializationStatement,0,1
jInterfaces1,Interfaces,True,0,1.5
jInterfaces1,Interfaces,FormalMethodParameter,0,1
jInterfaces1,Interfaces,False,0,0.5
jInterfaces1,Interfaces,IfStatement,0,5
jInterfaces1,Interfaces,ClassDefinition,0,1
jInterfaces1,Interfaces,SimpleAssignmentExpression,0,8.5
jInterfaces1,Interfaces,FinalModifier,0,2.5
jInterfaces1,Interfaces,IntDataType,0,2.5
jInterfaces1,Interfaces,ObjectVariable,0,3
jInterfaces1,Interfaces,BooleanDataType,0,1
jInterfaces1,Interfaces,ReturnStatement,0,3.5
jInterfaces1,Interfaces,NotExpression,1,0.5
jInterfaces1,Interfaces,InterfaceBasedPolymorphism,1,2
jInterfaces1,Interfaces,AbstractMethodDefinition,1,1
jInterfaces1,Interfaces,PolymorphicObjectCreationStatement,1,2
jInterfaces1,Interfaces,MethodImplementation,1,2
jInterfaces1,Interfaces,java.lang.String.equalsIgnoreCase,1,1
jInterfaces1,Interfaces,InterfaceDefinition,1,0.5
jInterfaces1,Interfaces,ImplementsSpecification,1,1
jInterfaces1,Interfaces,ThisReference,1,2.5
jInterfaces1,Interfaces,NotEqualExpression,1,0.5
jInterfaces1,Interfaces,InterfaceClassConversion,1,2
jInterfaces2,Interfaces,FinalModifier,0,2.5
jInterfaces2,Interfaces,IntDataType,0,3.5
jInterfaces2,Interfaces,ObjectVariable,0,1
jInterfaces2,Interfaces,BooleanDataType,0,1
jInterfaces2,Interfaces,AddAssignmentExpression,0,5.5
jInterfaces2,Interfaces,ReturnStatement,0,3.5
jInterfaces2,Interfaces,StringDataType,0,1
jInterfaces2,Interfaces,SimpleVariable,0,4.5
jInterfaces2,Interfaces,MethodDefinition,0,6.5
jInterfaces2,Interfaces,ExpressionStatement,0,6
jInterfaces2,Interfaces,StringVariable,0,1.5
jInterfaces2,Interfaces,PublicAccessSpecifier,0,11.5
jInterfaces2,Interfaces,DoubleDataType,0,2
jInterfaces2,Interfaces,ConstructorCall,0,2
jInterfaces2,Interfaces,InstanceField,0,2.5
jInterfaces2,Interfaces,VoidDataType,0,3.5
jInterfaces2,Interfaces,GreaterExpression,0,0.5
jInterfaces2,Interfaces,InstanceFieldDefinitionStatement,0,2.5
jInterfaces2,Interfaces,VariableInitializationStatement,0,3.5
jInterfaces2,Interfaces,ClassField,0,2.5
jInterfaces2,Interfaces,StringLiteral,0,2
jInterfaces2,Interfaces,PrivateAccessSpecifier,0,2.5
jInterfaces2,Interfaces,ObjectMethodInvocation,0,2
jInterfaces2,Interfaces,SubtractExpression,0,1.5
jInterfaces2,Interfaces,ConstructorDefinition,0,1
jInterfaces2,Interfaces,StaticModifier,0,2.5
jInterfaces2,Interfaces,ClassConstantInitializationStatement,0,2.5
jInterfaces2,Interfaces,LessExpression,0,2
jInterfaces2,Interfaces,StringInitializationStatement,0,1
jInterfaces2,Interfaces,True,0,0.5
jInterfaces2,Interfaces,FormalMethodParameter,0,1
jInterfaces2,Interfaces,False,0,1.5
jInterfaces2,Interfaces,IfStatement,0,5
jInterfaces2,Interfaces,ClassDefinition,0,1
jInterfaces2,Interfaces,SimpleAssignmentExpression,0,9.5
jInterfaces2,Interfaces,NotExpression,1,0.5
jInterfaces2,Interfaces,InterfaceBasedPolymorphism,1,1
jInterfaces2,Interfaces,AbstractMethodDefinition,1,1
jInterfaces2,Interfaces,PolymorphicObjectCreationStatement,1,2
jInterfaces2,Interfaces,MethodImplementation,1,2
jInterfaces2,Interfaces,java.lang.String.equalsIgnoreCase,1,1
jInterfaces2,Interfaces,InterfaceDefinition,1,0.5
jInterfaces2,Interfaces,ImplementsSpecification,1,1
jInterfaces2,Interfaces,ThisReference,1,2.5
jInterfaces2,Interfaces,NotEqualExpression,1,0.5
jInterfaces3,Interfaces,IfStatement,0,6
jInterfaces3,Interfaces,ClassDefinition,0,1.5
jInterfaces3,Interfaces,SimpleAssignmentExpression,0,15
jInterfaces3,Interfaces,FinalModifier,0,2.5
jInterfaces3,Interfaces,IntDataType,0,5.5
jInterfaces3,Interfaces,ObjectVariable,0,2
jInterfaces3,Interfaces,IfElseStatement,0,0.5
jInterfaces3,Interfaces,BooleanDataType,0,1
jInterfaces3,Interfaces,AddAssignmentExpression,0,3.5
jInterfaces3,Interfaces,ReturnStatement,0,4.5
jInterfaces3,Interfaces,StringDataType,0,1
jInterfaces3,Interfaces,SimpleVariable,0,9.5
jInterfaces3,Interfaces,MethodDefinition,0,8
jInterfaces3,Interfaces,ExpressionStatement,0,7
jInterfaces3,Interfaces,StringVariable,0,1.5
jInterfaces3,Interfaces,PublicAccessSpecifier,0,15
jInterfaces3,Interfaces,DoubleDataType,0,4
jInterfaces3,Interfaces,AddExpression,0,1
jInterfaces3,Interfaces,ConstructorCall,0,2
jInterfaces3,Interfaces,ActualMethodParameter,0,2
jInterfaces3,Interfaces,InstanceField,0,3
jInterfaces3,Interfaces,VoidDataType,0,4
jInterfaces3,Interfaces,GreaterExpression,0,1
jInterfaces3,Interfaces,InstanceFieldDefinitionStatement,0,3
jInterfaces3,Interfaces,VariableInitializationStatement,0,7
jInterfaces3,Interfaces,ClassField,0,3.5
jInterfaces3,Interfaces,StringLiteral,0,1
jInterfaces3,Interfaces,PrivateAccessSpecifier,0,3
jInterfaces3,Interfaces,ObjectMethodInvocation,0,4.5
jInterfaces3,Interfaces,SubtractExpression,0,1.5
jInterfaces3,Interfaces,ConstructorDefinition,0,1.5
jInterfaces3,Interfaces,ObjectCreationStatement,0,1
jInterfaces3,Interfaces,StaticModifier,0,3.5
jInterfaces3,Interfaces,MultiplyExpression,0,2.5
jInterfaces3,Interfaces,ClassConstantInitializationStatement,0,3.5
jInterfaces3,Interfaces,LessExpression,0,2
jInterfaces3,Interfaces,StringInitializationStatement,0,1
jInterfaces3,Interfaces,True,0,1
jInterfaces3,Interfaces,FormalMethodParameter,0,2
jInterfaces3,Interfaces,False,0,2
jInterfaces3,Interfaces,NotExpression,1,0.5
jInterfaces3,Interfaces,InterfaceBasedPolymorphism,1,3.5
jInterfaces3,Interfaces,AbstractMethodDefinition,1,1
jInterfaces3,Interfaces,PolymorphicObjectCreationStatement,1,1
jInterfaces3,Interfaces,MethodImplementation,1,2
jInterfaces3,Interfaces,java.lang.String.equalsIgnoreCase,1,1
jInterfaces3,Interfaces,InterfaceDefinition,1,0.5
jInterfaces3,Interfaces,ImplementsSpecification,1,1
jInterfaces3,Interfaces,ThisReference,1,2.5
jInterfaces3,Interfaces,NotEqualExpression,1,0.5
jInterfaces4,Interfaces,StringInitializationStatement,0,1
jInterfaces4,Interfaces,True,0,1
jInterfaces4,Interfaces,FormalMethodParameter,0,2
jInterfaces4,Interfaces,False,0,1
jInterfaces4,Interfaces,IfStatement,0,6
jInterfaces4,Interfaces,ClassDefinition,0,1.5
jInterfaces4,Interfaces,SimpleAssignmentExpression,0,14
jInterfaces4,Interfaces,FinalModifier,0,2.5
jInterfaces4,Interfaces,IntDataType,0,5.5
jInterfaces4,Interfaces,IfElseStatement,0,0.5
jInterfaces4,Interfaces,BooleanDataType,0,1
jInterfaces4,Interfaces,AddAssignmentExpression,0,3.5
jInterfaces4,Interfaces,ReturnStatement,0,4.5
jInterfaces4,Interfaces,StringDataType,0,1
jInterfaces4,Interfaces,SimpleVariable,0,7.5
jInterfaces4,Interfaces,MethodDefinition,0,8
jInterfaces4,Interfaces,ExpressionStatement,0,7
jInterfaces4,Interfaces,StringVariable,0,1.5
jInterfaces4,Interfaces,DivideExpression,0,1
jInterfaces4,Interfaces,PublicAccessSpecifier,0,15
jInterfaces4,Interfaces,DoubleDataType,0,2
jInterfaces4,Interfaces,AddExpression,0,1
jInterfaces4,Interfaces,ActualMethodParameter,0,2
jInterfaces4,Interfaces,InstanceField,0,3
jInterfaces4,Interfaces,VoidDataType,0,4
jInterfaces4,Interfaces,GreaterExpression,0,1
jInterfaces4,Interfaces,InstanceFieldDefinitionStatement,0,3
jInterfaces4,Interfaces,VariableInitializationStatement,0,5
jInterfaces4,Interfaces,ClassField,0,3.5
jInterfaces4,Interfaces,StringLiteral,0,2
jInterfaces4,Interfaces,PrivateAccessSpecifier,0,3
jInterfaces4,Interfaces,ObjectMethodInvocation,0,7.5
jInterfaces4,Interfaces,SubtractExpression,0,1.5
jInterfaces4,Interfaces,ConstructorDefinition,0,1.5
jInterfaces4,Interfaces,ObjectCreationStatement,0,1
jInterfaces4,Interfaces,StaticModifier,0,3.5
jInterfaces4,Interfaces,MultiplyExpression,0,0.5
jInterfaces4,Interfaces,ClassConstantInitializationStatement,0,3.5
jInterfaces4,Interfaces,LessExpression,0,2
jInterfaces4,Interfaces,ThisReference,1,2.5
jInterfaces4,Interfaces,NotEqualExpression,1,0.5
jInterfaces4,Interfaces,NotExpression,1,0.5
jInterfaces4,Interfaces,InterfaceBasedPolymorphism,1,3.5
jInterfaces4,Interfaces,AbstractMethodDefinition,1,1
jInterfaces4,Interfaces,PolymorphicObjectCreationStatement,1,1
jInterfaces4,Interfaces,MethodImplementation,1,2
jInterfaces4,Interfaces,java.lang.String.equalsIgnoreCase,1,1
jInterfaces4,Interfaces,InterfaceDefinition,1,0.5
jInterfaces4,Interfaces,ImplementsSpecification,1,1
jInterfaces5,Interfaces,ConstructorDefinition,0,1.5
jInterfaces5,Interfaces,ObjectCreationStatement,0,3
jInterfaces5,Interfaces,StaticModifier,0,3.5
jInterfaces5,Interfaces,MultiplyExpression,0,2.5
jInterfaces5,Interfaces,ClassConstantInitializationStatement,0,3.5
jInterfaces5,Interfaces,LessExpression,0,2
jInterfaces5,Interfaces,StringInitializationStatement,0,1
jInterfaces5,Interfaces,True,0,1
jInterfaces5,Interfaces,FormalMethodParameter,0,2
jInterfaces5,Interfaces,False,0,2
jInterfaces5,Interfaces,ObjectVariable,0,3
jInterfaces5,Interfaces,IfStatement,0,7
jInterfaces5,Interfaces,ClassDefinition,0,1.5
jInterfaces5,Interfaces,SimpleAssignmentExpression,0,16
jInterfaces5,Interfaces,FinalModifier,0,2.5
jInterfaces5,Interfaces,IntDataType,0,5.5
jInterfaces5,Interfaces,IfElseStatement,0,0.5
jInterfaces5,Interfaces,BooleanDataType,0,1
jInterfaces5,Interfaces,AddAssignmentExpression,0,5.5
jInterfaces5,Interfaces,ReturnStatement,0,4.5
jInterfaces5,Interfaces,StringDataType,0,1
jInterfaces5,Interfaces,SimpleVariable,0,9.5
jInterfaces5,Interfaces,MethodDefinition,0,8
jInterfaces5,Interfaces,ExpressionStatement,0,7
jInterfaces5,Interfaces,StringVariable,0,1.5
jInterfaces5,Interfaces,PublicAccessSpecifier,0,15
jInterfaces5,Interfaces,ConstructorCall,0,3
jInterfaces5,Interfaces,DoubleDataType,0,4
jInterfaces5,Interfaces,AddExpression,0,1
jInterfaces5,Interfaces,ActualMethodParameter,0,4
jInterfaces5,Interfaces,InstanceField,0,3
jInterfaces5,Interfaces,VoidDataType,0,4
jInterfaces5,Interfaces,GreaterExpression,0,1
jInterfaces5,Interfaces,InstanceFieldDefinitionStatement,0,3
jInterfaces5,Interfaces,VariableInitializationStatement,0,7
jInterfaces5,Interfaces,ClassField,0,3.5
jInterfaces5,Interfaces,StringLiteral,0,2
jInterfaces5,Interfaces,PrivateAccessSpecifier,0,3
jInterfaces5,Interfaces,ObjectMethodInvocation,0,6.5
jInterfaces5,Interfaces,SubtractExpression,0,1.5
jInterfaces5,Interfaces,InterfaceDefinition,1,0.5
jInterfaces5,Interfaces,ImplementsSpecification,1,1
jInterfaces5,Interfaces,ThisReference,1,2.5
jInterfaces5,Interfaces,NotEqualExpression,1,0.5
jInterfaces5,Interfaces,NotExpression,1,0.5
jInterfaces5,Interfaces,InterfaceBasedPolymorphism,1,5.5
jInterfaces5,Interfaces,AbstractMethodDefinition,1,1
jInterfaces5,Interfaces,PolymorphicObjectCreationStatement,1,2
jInterfaces5,Interfaces,MethodImplementation,1,2
jInterfaces5,Interfaces,java.lang.String.equalsIgnoreCase,1,1
jExceptions1,Exceptions,ExtendsSpecification,0,0.5
jExceptions1,Exceptions,ReturnStatement,0,4.5
jExceptions1,Exceptions,StringDataType,0,0.5
jExceptions1,Exceptions,SimpleVariable,0,3.5
jExceptions1,Exceptions,java.lang.System.out.println,0,1
jExceptions1,Exceptions,SubtractExpression,0,1.5
jExceptions1,Exceptions,ExpressionStatement,0,1
jExceptions1,Exceptions,DivideExpression,0,0.5
jExceptions1,Exceptions,MethodDefinition,0,3
jExceptions1,Exceptions,InterfaceDefinition,0,0.5
jExceptions1,Exceptions,PublicAccessSpecifier,0,6
jExceptions1,Exceptions,ConstructorCall,0,4.5
jExceptions1,Exceptions,StringInitializationStatement,0,0.5
jExceptions1,Exceptions,IfStatement,0,3.5
jExceptions1,Exceptions,java.lang.Math.pow,0,0.5
jExceptions1,Exceptions,AddAssignmentExpression,0,1.5
jExceptions1,Exceptions,InstanceField,0,1
jExceptions1,Exceptions,EqualExpression,0,1
jExceptions1,Exceptions,ObjectMethodInvocation,0,3.5
jExceptions1,Exceptions,InstanceFieldDefinitionStatement,0,1
jExceptions1,Exceptions,VariableInitializationStatement,0,2.5
jExceptions1,Exceptions,ClassField,0,0.5
jExceptions1,Exceptions,StringLiteral,0,7.5
jExceptions1,Exceptions,StringVariable,0,0.5
jExceptions1,Exceptions,StringAddition,0,6.5
jExceptions1,Exceptions,PrivateAccessSpecifier,0,1
jExceptions1,Exceptions,ObjectCreationStatement,0,1
jExceptions1,Exceptions,ConstructorDefinition,0,1.5
jExceptions1,Exceptions,LessExpression,0,2
jExceptions1,Exceptions,StaticModifier,0,0.5
jExceptions1,Exceptions,SuperclassConstructorCall,0,1
jExceptions1,Exceptions,MultiplyExpression,0,0.5
jExceptions1,Exceptions,ClassConstantInitializationStatement,0,0.5
jExceptions1,Exceptions,AddExpression,0,1.5
jExceptions1,Exceptions,ObjectVariable,0,1
jExceptions1,Exceptions,ClassDefinition,0,1
jExceptions1,Exceptions,SimpleAssignmentExpression,0,4
jExceptions1,Exceptions,GreaterExpression,0,0.5
jExceptions1,Exceptions,FinalModifier,0,0.5
jExceptions1,Exceptions,IntDataType,0,3.5
jExceptions1,Exceptions,ThrowStatement,1,3.5
jExceptions1,Exceptions,ExceptionClass,1,0.5
jExceptions1,Exceptions,TryCatchStatement,1,2.5
jExceptions2,Exceptions,SimpleAssignmentExpression,0,4
jExceptions2,Exceptions,GreaterExpression,0,0.5
jExceptions2,Exceptions,FinalModifier,0,0.5
jExceptions2,Exceptions,IntDataType,0,3.5
jExceptions2,Exceptions,ExtendsSpecification,0,0.5
jExceptions2,Exceptions,ReturnStatement,0,4.5
jExceptions2,Exceptions,StringDataType,0,0.5
jExceptions2,Exceptions,SimpleVariable,0,3.5
jExceptions2,Exceptions,java.lang.System.out.println,0,1
jExceptions2,Exceptions,SubtractExpression,0,1.5
jExceptions2,Exceptions,ExpressionStatement,0,1
jExceptions2,Exceptions,DivideExpression,0,0.5
jExceptions2,Exceptions,MethodDefinition,0,3
jExceptions2,Exceptions,InterfaceDefinition,0,0.5
jExceptions2,Exceptions,PublicAccessSpecifier,0,6
jExceptions2,Exceptions,ConstructorCall,0,4.5
jExceptions2,Exceptions,StringInitializationStatement,0,0.5
jExceptions2,Exceptions,IfStatement,0,3.5
jExceptions2,Exceptions,java.lang.Math.pow,0,0.5
jExceptions2,Exceptions,AddAssignmentExpression,0,1.5
jExceptions2,Exceptions,InstanceField,0,1
jExceptions2,Exceptions,EqualExpression,0,1
jExceptions2,Exceptions,ObjectMethodInvocation,0,3.5
jExceptions2,Exceptions,InstanceFieldDefinitionStatement,0,1
jExceptions2,Exceptions,VariableInitializationStatement,0,2.5
jExceptions2,Exceptions,ClassField,0,0.5
jExceptions2,Exceptions,StringLiteral,0,7.5
jExceptions2,Exceptions,StringVariable,0,0.5
jExceptions2,Exceptions,StringAddition,0,6.5
jExceptions2,Exceptions,PrivateAccessSpecifier,0,1
jExceptions2,Exceptions,ObjectCreationStatement,0,1
jExceptions2,Exceptions,ConstructorDefinition,0,1.5
jExceptions2,Exceptions,LessExpression,0,2
jExceptions2,Exceptions,StaticModifier,0,0.5
jExceptions2,Exceptions,SuperclassConstructorCall,0,1
jExceptions2,Exceptions,MultiplyExpression,0,0.5
jExceptions2,Exceptions,ClassConstantInitializationStatement,0,0.5
jExceptions2,Exceptions,AddExpression,0,0.5
jExceptions2,Exceptions,ObjectVariable,0,1
jExceptions2,Exceptions,ClassDefinition,0,1
jExceptions2,Exceptions,ThrowStatement,1,3.5
jExceptions2,Exceptions,ExceptionClass,1,0.5
jExceptions2,Exceptions,TryCatchStatement,1,2.5
jExceptions3,Exceptions,ObjectVariable,0,1
jExceptions3,Exceptions,ClassDefinition,0,1
jExceptions3,Exceptions,SimpleAssignmentExpression,0,4
jExceptions3,Exceptions,GreaterExpression,0,0.5
jExceptions3,Exceptions,FinalModifier,0,0.5
jExceptions3,Exceptions,IntDataType,0,3.5
jExceptions3,Exceptions,ReturnStatement,0,4.5
jExceptions3,Exceptions,ExtendsSpecification,0,0.5
jExceptions3,Exceptions,StringDataType,0,0.5
jExceptions3,Exceptions,SimpleVariable,0,3.5
jExceptions3,Exceptions,java.lang.System.out.println,0,1
jExceptions3,Exceptions,SubtractExpression,0,1.5
jExceptions3,Exceptions,ExpressionStatement,0,1
jExceptions3,Exceptions,DivideExpression,0,0.5
jExceptions3,Exceptions,MethodDefinition,0,3
jExceptions3,Exceptions,InterfaceDefinition,0,0.5
jExceptions3,Exceptions,PublicAccessSpecifier,0,6
jExceptions3,Exceptions,ConstructorCall,0,4.5
jExceptions3,Exceptions,StringInitializationStatement,0,0.5
jExceptions3,Exceptions,IfStatement,0,3.5
jExceptions3,Exceptions,java.lang.Math.pow,0,0.5
jExceptions3,Exceptions,AddAssignmentExpression,0,1.5
jExceptions3,Exceptions,InstanceField,0,1
jExceptions3,Exceptions,EqualExpression,0,1
jExceptions3,Exceptions,ObjectMethodInvocation,0,3.5
jExceptions3,Exceptions,InstanceFieldDefinitionStatement,0,1
jExceptions3,Exceptions,VariableInitializationStatement,0,2.5
jExceptions3,Exceptions,ClassField,0,0.5
jExceptions3,Exceptions,StringLiteral,0,7.5
jExceptions3,Exceptions,StringVariable,0,0.5
jExceptions3,Exceptions,StringAddition,0,6.5
jExceptions3,Exceptions,PrivateAccessSpecifier,0,1
jExceptions3,Exceptions,ObjectCreationStatement,0,1
jExceptions3,Exceptions,ConstructorDefinition,0,1.5
jExceptions3,Exceptions,LessExpression,0,2
jExceptions3,Exceptions,StaticModifier,0,0.5
jExceptions3,Exceptions,SuperclassConstructorCall,0,1
jExceptions3,Exceptions,MultiplyExpression,0,0.5
jExceptions3,Exceptions,ClassConstantInitializationStatement,0,0.5
jExceptions3,Exceptions,AddExpression,0,0.5
jExceptions3,Exceptions,TryCatchStatement,1,2.5
jExceptions3,Exceptions,ThrowStatement,1,3.5
jExceptions3,Exceptions,ExceptionClass,1,0.5
jExceptions4,Exceptions,LessExpression,0,0.5
jExceptions4,Exceptions,ObjectVariable,0,1
jExceptions4,Exceptions,java.lang.String.length,0,0.5
jExceptions4,Exceptions,ClassDefinition,0,0.5
jExceptions4,Exceptions,SimpleAssignmentExpression,0,3
jExceptions4,Exceptions,IntDataType,0,1.5
jExceptions4,Exceptions,ReturnStatement,0,1
jExceptions4,Exceptions,StringDataType,0,2
jExceptions4,Exceptions,SimpleVariable,0,1.5
jExceptions4,Exceptions,java.lang.System.out.println,0,2
jExceptions4,Exceptions,SubtractExpression,0,1
jExceptions4,Exceptions,ExpressionStatement,0,2
jExceptions4,Exceptions,MethodDefinition,0,1
jExceptions4,Exceptions,PublicAccessSpecifier,0,2
jExceptions4,Exceptions,ConstructorCall,0,2.5
jExceptions4,Exceptions,IfStatement,0,1.5
jExceptions4,Exceptions,InstanceField,0,1
jExceptions4,Exceptions,EqualExpression,0,1
jExceptions4,Exceptions,ObjectMethodInvocation,0,2
jExceptions4,Exceptions,VariableInitializationStatement,0,1
jExceptions4,Exceptions,StringLiteral,0,2.5
jExceptions4,Exceptions,StringVariable,0,1.5
jExceptions4,Exceptions,StringAddition,0,1
jExceptions4,Exceptions,PrivateAccessSpecifier,0,1
jExceptions4,Exceptions,ObjectCreationStatement,0,2.5
jExceptions4,Exceptions,ConstructorDefinition,0,0.5
jExceptions4,Exceptions,ThrowsSpecification,1,0.5
jExceptions4,Exceptions,TryCatchStatement,1,1
jExceptions4,Exceptions,null,1,0.5
jExceptions4,Exceptions,ThrowStatement,1,1.5
jExceptions5,Exceptions,LessExpression,0,0.5
jExceptions5,Exceptions,ConstructorDefinition,0,0.5
jExceptions5,Exceptions,ObjectVariable,0,1
jExceptions5,Exceptions,java.lang.String.length,0,0.5
jExceptions5,Exceptions,ClassDefinition,0,0.5
jExceptions5,Exceptions,SimpleAssignmentExpression,0,4
jExceptions5,Exceptions,IntDataType,0,1.5
jExceptions5,Exceptions,StatementBlock,0,3
jExceptions5,Exceptions,ReturnStatement,0,1
jExceptions5,Exceptions,ModulusExpression,0,1
jExceptions5,Exceptions,StringDataType,0,2
jExceptions5,Exceptions,SimpleVariable,0,1.5
jExceptions5,Exceptions,java.lang.System.out.println,0,3
jExceptions5,Exceptions,SubtractExpression,0,1
jExceptions5,Exceptions,ExpressionStatement,0,3
jExceptions5,Exceptions,MethodDefinition,0,1
jExceptions5,Exceptions,PublicAccessSpecifier,0,2
jExceptions5,Exceptions,ConstructorCall,0,2.5
jExceptions5,Exceptions,IfStatement,0,1.5
jExceptions5,Exceptions,InstanceField,0,1
jExceptions5,Exceptions,EqualExpression,0,2
jExceptions5,Exceptions,ObjectMethodInvocation,0,1
jExceptions5,Exceptions,StringLiteral,0,5.5
jExceptions5,Exceptions,IfElseStatement,0,1
jExceptions5,Exceptions,StringVariable,0,1.5
jExceptions5,Exceptions,StringAddition,0,1
jExceptions5,Exceptions,PrivateAccessSpecifier,0,1
jExceptions5,Exceptions,ObjectCreationStatement,0,2.5
jExceptions5,Exceptions,ThrowsSpecification,1,0.5
jExceptions5,Exceptions,TryCatchStatement,1,1
jExceptions5,Exceptions,null,1,1.5
jExceptions5,Exceptions,ThrowStatement,1,1.5
